{"resourceType":"ValueSet","id":"VSDateComponent","text":{"status":"generated","div":"<div xmlns=\"http://www.w3.org/1999/xhtml\"><p>This value set includes codes based on the following rules:</p><ul><li>Include these codes as defined in <a href=\"http://www.snomed.org/\"><code>http://snomed.info/sct</code></a><table class=\"none\"><tr><td style=\"white-space:nowrap\"><b>Code</b></td><td><b>Display</b></td></tr><tr><td><a href=\"http://snomed.info/id/248957007\">248957007</a></td><td>Kỳ kinh nguyệt cuối</td></tr><tr><td><a href=\"http://snomed.info/id/31676001\">31676001</a></td><td>Ngày xét nghiệm HIV của con</td></tr></table></li><li>Include these codes as defined in <a href=\"CodeSystem-cs-hiv-common.html\"><code>http://openhie.org/fhir/openhie.vn.case-reporting.hiv/CodeSystem/cs-hiv-common</code></a><table class=\"none\"><tr><td style=\"white-space:nowrap\"><b>Code</b></td><td><b>Display</b></td></tr><tr><td><a href=\"CodeSystem-cs-hiv-common.html#cs-hiv-common-birthDateOfChild\">birthDateOfChild</a></td><td>Ngày sinh của con</td></tr></table></li></ul></div>"},"url":"http://openhie.org/fhir/openhie.vn.case-reporting.hiv/ValueSet/VSDateComponent","version":"0.1.0-test","name":"VSDateComponent","title":"Date component of pregnancy","status":"active","date":"2022-03-23T08:06:35+00:00","publisher":"OpenHIE","contact":[{"telecom":[{"system":"url","value":"http://ohie.org"}]}],"description":"Date component of pregnancy associated with HIV case","jurisdiction":[{"coding":[{"system":"http://unstats.un.org/unsd/methods/m49/m49.htm","code":"001"}]}],"compose":{"include":[{"system":"http://snomed.info/sct","concept":[{"code":"248957007","display":"Kỳ kinh nguyệt cuối"},{"code":"31676001","display":"Ngày xét nghiệm HIV của con"}]},{"system":"http://openhie.org/fhir/openhie.vn.case-reporting.hiv/CodeSystem/cs-hiv-common","concept":[{"code":"birthDateOfChild","display":"Ngày sinh của con"}]}]}}