<?xml version="1.0" encoding="UTF-8"?><CodeSystem xmlns="http://hl7.org/fhir"><id value="cs-hiv-reasonvltest"/><text><status value="generated"/><div xmlns="http://www.w3.org/1999/xhtml"><p>This code system http://openhie.org/fhir/openhie.vn.case-reporting.hiv/CodeSystem/cs-hiv-reasonvltest defines the following codes:</p><table class="codes"><tr><td style="white-space:nowrap"><b>Code</b></td><td><b>Display</b></td></tr><tr><td style="white-space:nowrap">routine-6<a name="cs-hiv-reasonvltest-routine-6"> </a></td><td>6 months after ART initiation</td></tr><tr><td style="white-space:nowrap">routine-12<a name="cs-hiv-reasonvltest-routine-12"> </a></td><td>12 month routine</td></tr><tr><td style="white-space:nowrap">treatment-fail<a name="cs-hiv-reasonvltest-treatment-fail"> </a></td><td>Suspected treatment failure (clinical, immunological)</td></tr><tr><td style="white-space:nowrap">3month-after-high<a name="cs-hiv-reasonvltest-3month-after-high"> </a></td><td>3 month after high viral load</td></tr><tr><td style="white-space:nowrap">pregnant<a name="cs-hiv-reasonvltest-pregnant"> </a></td><td>Pregnant/Lactating woman</td></tr><tr><td style="white-space:nowrap">other<a name="cs-hiv-reasonvltest-other"> </a></td><td>Other</td></tr></table></div></text><url value="http://openhie.org/fhir/openhie.vn.case-reporting.hiv/CodeSystem/cs-hiv-reasonvltest"/><version value="0.1.0-test"/><name value="CSReasonVLTest"/><title value="Codesystem Reason for VL test"/><status value="active"/><date value="2021-09-30T09:59:38+00:00"/><publisher value="OpenHIE"/><contact><telecom><system value="url"/><value value="http://ohie.org"/></telecom></contact><description value="CodeSystem - Reason for VL test"/><jurisdiction><coding><system value="http://unstats.un.org/unsd/methods/m49/m49.htm"/><code value="001"/></coding></jurisdiction><content value="complete"/><count value="6"/><concept><code value="routine-6"/><display value="6 months after ART initiation"/></concept><concept><code value="routine-12"/><display value="12 month routine"/></concept><concept><code value="treatment-fail"/><display value="Suspected treatment failure (clinical, immunological)"/></concept><concept><code value="3month-after-high"/><display value="3 month after high viral load"/></concept><concept><code value="pregnant"/><display value="Pregnant/Lactating woman"/></concept><concept><code value="other"/><display value="Other"/></concept></CodeSystem>