<?xml version="1.0" encoding="UTF-8"?><CodeSystem xmlns="http://hl7.org/fhir"><id value="cs-hiv-transmission-route"/><text><status value="generated"/><div xmlns="http://www.w3.org/1999/xhtml"><p>This code system http://openhie.org/fhir/openhie.vn.case-reporting.hiv/CodeSystem/cs-hiv-transmission-route defines the following codes:</p><table class="codes"><tr><td style="white-space:nowrap"><b>Code</b></td><td><b>Display</b></td></tr><tr><td style="white-space:nowrap">312425004<a name="cs-hiv-transmission-route-312425004"> </a></td><td>Blood</td></tr><tr><td style="white-space:nowrap">226034001<a name="cs-hiv-transmission-route-226034001"> </a></td><td>Drug injection</td></tr><tr><td style="white-space:nowrap">250373003<a name="cs-hiv-transmission-route-250373003"> </a></td><td>Blood transfusion</td></tr><tr><td style="white-space:nowrap">53348004<a name="cs-hiv-transmission-route-53348004"> </a></td><td>Occupational accident </td></tr><tr><td style="white-space:nowrap">417564009<a name="cs-hiv-transmission-route-417564009"> </a></td><td>Sexual Transmission</td></tr><tr><td style="white-space:nowrap">38628009<a name="cs-hiv-transmission-route-38628009"> </a></td><td>Homosexual</td></tr><tr><td style="white-space:nowrap">20430005<a name="cs-hiv-transmission-route-20430005"> </a></td><td>Heterosexual</td></tr><tr><td style="white-space:nowrap">438998000<a name="cs-hiv-transmission-route-438998000"> </a></td><td>Mother to Child Transmission</td></tr><tr><td style="white-space:nowrap">69910005<a name="cs-hiv-transmission-route-69910005"> </a></td><td>Unidentified</td></tr></table></div></text><url value="http://openhie.org/fhir/openhie.vn.case-reporting.hiv/CodeSystem/cs-hiv-transmission-route"/><version value="0.1.0-test"/><name value="CSHIVTransmissionRoute"/><title value="HIV Transmission Route"/><status value="active"/><date value="2021-09-26T03:05:54+00:00"/><publisher value="OpenHIE"/><contact><telecom><system value="url"/><value value="http://ohie.org"/></telecom></contact><description value="CodeSystem - Route of HIV transmission"/><jurisdiction><coding><system value="http://unstats.un.org/unsd/methods/m49/m49.htm"/><code value="001"/></coding></jurisdiction><content value="complete"/><count value="9"/><concept><code value="312425004"/><display value="Blood"/></concept><concept><code value="226034001"/><display value="Drug injection"/></concept><concept><code value="250373003"/><display value="Blood transfusion"/></concept><concept><code value="53348004"/><display value="Occupational accident "/></concept><concept><code value="417564009"/><display value="Sexual Transmission"/></concept><concept><code value="38628009"/><display value="Homosexual"/></concept><concept><code value="20430005"/><display value="Heterosexual"/></concept><concept><code value="438998000"/><display value="Mother to Child Transmission"/></concept><concept><code value="69910005"/><display value="Unidentified"/></concept></CodeSystem>