<?xml version="1.0" encoding="UTF-8"?><ValueSet xmlns="http://hl7.org/fhir"><id value="vs-viralload-group"/><text><status value="generated"/><div xmlns="http://www.w3.org/1999/xhtml"><ul><li>Include all codes defined in <a href="CodeSystem-cs-viralload-group.html"><code>http://openhie.org/fhir/openhie.vn.case-reporting.hiv/CodeSystem/cs-viralload-group</code></a></li></ul></div></text><url value="http://openhie.org/fhir/openhie.vn.case-reporting.hiv/ValueSet/vs-viralload-group"/><version value="0.1.0-test"/><name value="VSViralLoadGroup"/><title value="Viral Load group"/><status value="active"/><date value="2021-09-25T01:43:32+00:00"/><publisher value="OpenHIE"/><contact><telecom><system value="url"/><value value="http://ohie.org"/></telecom></contact><description value="Valueset - Viral Load group"/><jurisdiction><coding><system value="http://unstats.un.org/unsd/methods/m49/m49.htm"/><code value="001"/></coding></jurisdiction><compose><include><system value="http://openhie.org/fhir/openhie.vn.case-reporting.hiv/CodeSystem/cs-viralload-group"/></include></compose></ValueSet>