<?xml version="1.0" encoding="UTF-8"?><ValueSet xmlns="http://hl7.org/fhir"><id value="vs-diagnosis-results"/><text><status value="generated"/><div xmlns="http://www.w3.org/1999/xhtml"><p>This value set includes codes based on the following rules:</p><ul><li>Include these codes as defined in <a href="http://www.snomed.org/"><code>http://snomed.info/sct</code></a><table class="none"><tr><td style="white-space:nowrap"><b>Code</b></td><td><b>Display</b></td><td><b>vi</b></td></tr><tr><td><a href="http://snomed.info/id/165816005">165816005</a></td><td>HIV Positive</td><td>Dương tính HIV</td></tr></table></li><li>Include these codes as defined in <a href="http://www.snomed.org/"><code>http://snomed.info/sct</code></a><table class="none"><tr><td style="white-space:nowrap"><b>Code</b></td><td><b>Display</b></td><td><b>vi</b></td></tr><tr><td><a href="http://snomed.info/id/165815009">165815009</a></td><td>HIV Negative</td><td>Âm tính HIV</td></tr></table></li><li>Include these codes as defined in <a href="http://www.snomed.org/"><code>http://snomed.info/sct</code></a><table class="none"><tr><td style="white-space:nowrap"><b>Code</b></td><td><b>Display</b></td><td><b>vi</b></td></tr><tr><td><a href="http://snomed.info/id/10828004">10828004</a></td><td>Positive</td><td>Dương tính</td></tr></table></li><li>Include these codes as defined in <a href="http://www.snomed.org/"><code>http://snomed.info/sct</code></a><table class="none"><tr><td style="white-space:nowrap"><b>Code</b></td><td><b>Display</b></td><td><b>vi</b></td></tr><tr><td><a href="http://snomed.info/id/260385009">260385009</a></td><td>Negative</td><td>Âm tính</td></tr></table></li></ul></div></text><url value="http://openhie.org/fhir/openhie.vn.case-reporting.hiv/ValueSet/vs-diagnosis-results"/><version value="0.1.0-test"/><name value="VSDiagnosisResults"/><title value="VSDiagnosisResults"/><status value="active"/><date value="2022-03-16T09:10:28+00:00"/><publisher value="OpenHIE"/><contact><telecom><system value="url"/><value value="http://ohie.org"/></telecom></contact><jurisdiction><coding><system value="http://unstats.un.org/unsd/methods/m49/m49.htm"/><code value="001"/></coding></jurisdiction><compose><include><system value="http://snomed.info/sct"/><concept><code value="165816005"/><display value="HIV Positive"/><designation><language value="vi-VN"/><value value="Dương tính HIV"/></designation></concept></include><include><system value="http://snomed.info/sct"/><concept><code value="165815009"/><display value="HIV Negative"/><designation><language value="vi-VN"/><value value="Âm tính HIV"/></designation></concept></include><include><system value="http://snomed.info/sct"/><concept><code value="10828004"/><display value="Positive"/><designation><language value="vi-VN"/><value value="Dương tính"/></designation></concept></include><include><system value="http://snomed.info/sct"/><concept><code value="260385009"/><display value="Negative"/><designation><language value="vi-VN"/><value value="Âm tính"/></designation></concept></include></compose></ValueSet>