{"resourceType":"ImplementationGuide","id":"openhie.vn.case-reporting.hiv","text":{"status":"extensions","div":"<div xmlns=\"http://www.w3.org/1999/xhtml\"><h2>OpenHIE Vietnam HIV Case-reporting</h2><p>The official URL for this implementation guide is: </p><pre>http://openhie.org/fhir/openhie.vn.case-reporting.hiv/ImplementationGuide/openhie.vn.case-reporting.hiv</pre><div><p>This Implementation Guide describes the requirements and conformance rules for the HIV Case Reporting to use in Vietnam</p>\n</div></div>"},"url":"http://openhie.org/fhir/openhie.vn.case-reporting.hiv/ImplementationGuide/openhie.vn.case-reporting.hiv","version":"0.1.0-test","name":"OpenHIE Vietnam HIV Case-reporting","title":"HIV Case-reporting for Vietnam - candidate draft","status":"draft","experimental":false,"date":"2021-06-15T19:11:01+00:00","publisher":"OpenHIE","contact":[{"telecom":[{"system":"url","value":"http://ohie.org"}]}],"description":"This Implementation Guide describes the requirements and conformance rules for the HIV Case Reporting to use in Vietnam ","jurisdiction":[{"coding":[{"system":"http://unstats.un.org/unsd/methods/m49/m49.htm","code":"001"}]}],"packageId":"openhie.vn.case-reporting.hiv","license":"CC0-1.0","fhirVersion":["4.0.1"],"dependsOn":[{"uri":"http://hl7.org/fhir/uv/sdc/StructureDefinition/sdc-questionnaireresponse","packageId":"hl7.fhir.uv.sdc","version":"2.7.0"}],"definition":{"extension":[{"extension":[{"url":"code","valueString":"copyrightyear"},{"url":"value","valueString":"2020+"}],"url":"http://hl7.org/fhir/tools/StructureDefinition/ig-parameter"},{"extension":[{"url":"code","valueString":"releaselabel"},{"url":"value","valueString":"CI Build"}],"url":"http://hl7.org/fhir/tools/StructureDefinition/ig-parameter"},{"extension":[{"url":"code","valueString":"path-binary"},{"url":"value","valueString":"input\\cql"}],"url":"http://hl7.org/fhir/tools/StructureDefinition/ig-parameter"},{"extension":[{"url":"code","valueString":"path-liquid"},{"url":"value","valueString":"templates\\liquid"}],"url":"http://hl7.org/fhir/tools/StructureDefinition/ig-parameter"},{"extension":[{"url":"code","valueString":"excludettl"},{"url":"value","valueString":"true"}],"url":"http://hl7.org/fhir/tools/StructureDefinition/ig-parameter"},{"extension":[{"url":"code","valueString":"autoload-resources"},{"url":"value","valueString":"true"}],"url":"http://hl7.org/fhir/tools/StructureDefinition/ig-parameter"},{"extension":[{"url":"code","valueString":"path-liquid"},{"url":"value","valueString":"template/liquid"}],"url":"http://hl7.org/fhir/tools/StructureDefinition/ig-parameter"},{"extension":[{"url":"code","valueString":"path-liquid"},{"url":"value","valueString":"input/liquid"}],"url":"http://hl7.org/fhir/tools/StructureDefinition/ig-parameter"},{"extension":[{"url":"code","valueString":"path-qa"},{"url":"value","valueString":"temp/qa"}],"url":"http://hl7.org/fhir/tools/StructureDefinition/ig-parameter"},{"extension":[{"url":"code","valueString":"path-temp"},{"url":"value","valueString":"temp/pages"}],"url":"http://hl7.org/fhir/tools/StructureDefinition/ig-parameter"},{"extension":[{"url":"code","valueString":"path-output"},{"url":"value","valueString":"output"}],"url":"http://hl7.org/fhir/tools/StructureDefinition/ig-parameter"},{"extension":[{"url":"code","valueString":"path-suppressed-warnings"},{"url":"value","valueString":"input/ignoreWarnings.txt"}],"url":"http://hl7.org/fhir/tools/StructureDefinition/ig-parameter"},{"extension":[{"url":"code","valueString":"path-history"},{"url":"value","valueString":"http://openhie.org/fhir/openhie.vn.case-reporting.hiv/history.html"}],"url":"http://hl7.org/fhir/tools/StructureDefinition/ig-parameter"},{"extension":[{"url":"code","valueString":"template-html"},{"url":"value","valueString":"template-page.html"}],"url":"http://hl7.org/fhir/tools/StructureDefinition/ig-parameter"},{"extension":[{"url":"code","valueString":"template-md"},{"url":"value","valueString":"template-page-md.html"}],"url":"http://hl7.org/fhir/tools/StructureDefinition/ig-parameter"},{"extension":[{"url":"code","valueString":"apply-contact"},{"url":"value","valueString":"true"}],"url":"http://hl7.org/fhir/tools/StructureDefinition/ig-parameter"},{"extension":[{"url":"code","valueString":"apply-context"},{"url":"value","valueString":"true"}],"url":"http://hl7.org/fhir/tools/StructureDefinition/ig-parameter"},{"extension":[{"url":"code","valueString":"apply-copyright"},{"url":"value","valueString":"true"}],"url":"http://hl7.org/fhir/tools/StructureDefinition/ig-parameter"},{"extension":[{"url":"code","valueString":"apply-jurisdiction"},{"url":"value","valueString":"true"}],"url":"http://hl7.org/fhir/tools/StructureDefinition/ig-parameter"},{"extension":[{"url":"code","valueString":"apply-license"},{"url":"value","valueString":"true"}],"url":"http://hl7.org/fhir/tools/StructureDefinition/ig-parameter"},{"extension":[{"url":"code","valueString":"apply-publisher"},{"url":"value","valueString":"true"}],"url":"http://hl7.org/fhir/tools/StructureDefinition/ig-parameter"},{"extension":[{"url":"code","valueString":"apply-version"},{"url":"value","valueString":"true"}],"url":"http://hl7.org/fhir/tools/StructureDefinition/ig-parameter"},{"extension":[{"url":"code","valueString":"active-tables"},{"url":"value","valueString":"true"}],"url":"http://hl7.org/fhir/tools/StructureDefinition/ig-parameter"}],"grouping":[{"id":"-str-questionnaire","name":"Structures: Questionnaires","description":"These define forms used by systems conforming to this implementation guide to capture or expose data to end users"},{"id":"-str-profile","name":"Structures: Resource Profiles","description":"These define constraints on FHIR resources for systems conforming to this implementation guide"},{"id":"-str-extension","name":"Structures: Extension Definitions","description":"These define constraints on FHIR data types for systems conforming to this implementation guide"},{"id":"-term-valueset","name":"Terminology: Value Sets","description":"These define sets of codes used by systems conforming to this implementation guide"},{"id":"-term-codesystem","name":"Terminology: Code Systems","description":"These define new code systems used by systems conforming to this implementation guide"},{"id":"-term-namingsystem","name":"Terminology: Naming Systems","description":"These define identifier and/or code system identities used by systems conforming to this implementation guide"},{"id":"-ex-example","name":"Example: Example Instances","description":"These are example instances that show what data produced and consumed by systems conforming with this implementation guide might look like"},{"id":"-other","name":"Other","description":"These are resources that are used within this implementation guide that do not fit into one of the other categories"}],"resource":[{"extension":[{"url":"http://hl7.org/fhir/StructureDefinition/implementationguide-page","valueUri":"Questionnaire-hiv-case-report-questionnaire.html"}],"reference":{"reference":"Questionnaire/hiv-case-report-questionnaire"},"groupingId":"-str-questionnaire"},{"extension":[{"url":"http://hl7.org/fhir/StructureDefinition/implementationguide-page","valueUri":"ValueSet-vs-recency-rtri.html"}],"reference":{"reference":"ValueSet/vs-recency-rtri"},"name":"Recency RITA result","description":"Valueset - Recency RITI result","groupingId":"-term-valueset"},{"extension":[{"url":"http://hl7.org/fhir/StructureDefinition/implementationguide-page","valueUri":"CodeSystem-cs-viralload-indications.html"}],"reference":{"reference":"CodeSystem/cs-viralload-indications"},"name":"Viralload Indications","description":"CodeSystem - Indications","groupingId":"-term-codesystem"},{"extension":[{"url":"http://hl7.org/fhir/StructureDefinition/implementationguide-page","valueUri":"StructureDefinition-hiv-recency-result.html"}],"reference":{"reference":"StructureDefinition/hiv-recency-result"},"name":"HIV Recency result","description":"This profile allows the exchange of a patient's hiv recency test","groupingId":"-str-profile"},{"extension":[{"url":"http://hl7.org/fhir/StructureDefinition/implementationguide-page","valueUri":"CodeSystem-cs-hiv-transmission-route.html"}],"reference":{"reference":"CodeSystem/cs-hiv-transmission-route"},"name":"HIV Transmission Route","description":"CodeSystem - Route of HIV transmission","groupingId":"-term-codesystem"},{"extension":[{"url":"http://hl7.org/fhir/StructureDefinition/implementationguide-page","valueUri":"ValueSet-vs-viralload-group.html"}],"reference":{"reference":"ValueSet/vs-viralload-group"},"name":"Viral Load group","description":"Valueset - Viral Load group","groupingId":"-term-valueset"},{"extension":[{"url":"http://hl7.org/fhir/StructureDefinition/implementationguide-page","valueUri":"StructureDefinition-hiv-key-population.html"}],"reference":{"reference":"StructureDefinition/hiv-key-population"},"name":"HIV key population","description":"This profile allows the patient's key population","groupingId":"-str-profile"},{"extension":[{"url":"http://hl7.org/fhir/StructureDefinition/implementationguide-page","valueUri":"CodeSystem-cs-vn-ethnicity.html"}],"reference":{"reference":"CodeSystem/cs-vn-ethnicity"},"name":"CodeSystem Vietnam Ethnicity","description":"CodeSystem of Vietnam included  54 ethnic groups in Vietnam recognized by the Vietnamese government","groupingId":"-term-codesystem"},{"extension":[{"url":"http://hl7.org/fhir/StructureDefinition/implementationguide-page","valueUri":"CodeSystem-cs-hiv-population.html"}],"reference":{"reference":"CodeSystem/cs-hiv-population"},"name":"Population groups","description":"CodeSystem - Population groups - Subjects to be tested for HIV","groupingId":"-term-codesystem"},{"extension":[{"url":"http://hl7.org/fhir/StructureDefinition/implementationguide-page","valueUri":"CodeSystem-cs-patient-gender.html"}],"reference":{"reference":"CodeSystem/cs-patient-gender"},"name":"Patient Gender","description":"The genders for patients","groupingId":"-term-codesystem"},{"extension":[{"url":"http://hl7.org/fhir/StructureDefinition/implementationguide-page","valueUri":"CodeSystem-cs-viralload-group.html"}],"reference":{"reference":"CodeSystem/cs-viralload-group"},"name":"Viral Load group","description":"Codesystem - Viral Load group","groupingId":"-term-codesystem"},{"extension":[{"url":"http://hl7.org/fhir/StructureDefinition/implementationguide-page","valueUri":"StructureDefinition-hiv-arv-careplan.html"}],"reference":{"reference":"StructureDefinition/hiv-arv-careplan"},"name":"ARVCarePlan","description":"This profile allows the exchange of a patient's ARV treatment","groupingId":"-str-profile"},{"extension":[{"url":"http://hl7.org/fhir/StructureDefinition/implementationguide-page","valueUri":"CodeSystem-cs-vn-regimen.html"}],"reference":{"reference":"CodeSystem/cs-vn-regimen"},"name":"CodeSystem Vietnam HIV Regimen","description":"CodeSystem - Vietnam HIV Regimen","groupingId":"-term-codesystem"},{"extension":[{"url":"http://hl7.org/fhir/StructureDefinition/implementationguide-page","valueUri":"ValueSet-vs-hiv-transmission-route.html"}],"reference":{"reference":"ValueSet/vs-hiv-transmission-route"},"name":"HIV Transmission Route","description":"Valueset - Route of HIV transmission","groupingId":"-term-valueset"},{"extension":[{"url":"http://hl7.org/fhir/StructureDefinition/implementationguide-page","valueUri":"Patient-test-hiv-patient.html"}],"reference":{"reference":"Patient/test-hiv-patient"},"name":"Example Patient - test-hiv-patient","exampleCanonical":"http://openhie.org/fhir/openhie.vn.case-reporting.hiv/StructureDefinition/hiv-patient","groupingId":"-ex-example"},{"extension":[{"url":"http://hl7.org/fhir/StructureDefinition/implementationguide-page","valueUri":"StructureDefinition-hiv-condition.html"}],"reference":{"reference":"StructureDefinition/hiv-condition"},"name":"HIV Condition","description":"This profile allows the exchange of a patient's hiv diagnosis","groupingId":"-str-profile"},{"extension":[{"url":"http://hl7.org/fhir/StructureDefinition/implementationguide-page","valueUri":"Questionnaire-vn-hiv-csv-import-questionnaire.html"}],"reference":{"reference":"Questionnaire/vn-hiv-csv-import-questionnaire"},"name":"HIV Case surveillance import","description":"HIV Case surveillance data import structure","groupingId":"-str-questionnaire"},{"extension":[{"url":"http://hl7.org/fhir/StructureDefinition/implementationguide-page","valueUri":"ValueSet-vs-hiv-occupation.html"}],"reference":{"reference":"ValueSet/vs-hiv-occupation"},"groupingId":"-term-valueset"},{"extension":[{"url":"http://hl7.org/fhir/StructureDefinition/implementationguide-page","valueUri":"ValueSet-vs-diagnosis-results.html"}],"reference":{"reference":"ValueSet/vs-diagnosis-results"},"name":"VSDiagnosisResults","groupingId":"-term-valueset"},{"extension":[{"url":"http://hl7.org/fhir/StructureDefinition/implementationguide-page","valueUri":"StructureDefinition-vn-administrative-address.html"}],"reference":{"reference":"StructureDefinition/vn-administrative-address"},"name":"Vietnam Administrative Address","description":"Vietnam Administrative Address.","groupingId":"-str-extension"},{"extension":[{"url":"http://hl7.org/fhir/StructureDefinition/implementationguide-page","valueUri":"CodeSystem-cs-gender.html"}],"reference":{"reference":"CodeSystem/cs-gender"},"groupingId":"-term-codesystem"},{"extension":[{"url":"http://hl7.org/fhir/StructureDefinition/implementationguide-page","valueUri":"CodeSystem-cs-arv-treatment-status.html"}],"reference":{"reference":"CodeSystem/cs-arv-treatment-status"},"groupingId":"-term-codesystem"},{"extension":[{"url":"http://hl7.org/fhir/StructureDefinition/implementationguide-page","valueUri":"Observation-an-aids-diagnosis-observation.html"}],"reference":{"reference":"Observation/an-aids-diagnosis-observation"},"name":"Example Observation - an-aids-diagnosis-observation","exampleCanonical":"http://openhie.org/fhir/openhie.vn.case-reporting.hiv/StructureDefinition/aids-diagnosis-observation","groupingId":"-ex-example"},{"extension":[{"url":"http://hl7.org/fhir/StructureDefinition/implementationguide-page","valueUri":"ValueSet-vs-patient-gender.html"}],"reference":{"reference":"ValueSet/vs-patient-gender"},"name":"Patient Gender","description":"Valueset - patient genders","groupingId":"-term-valueset"},{"extension":[{"url":"http://hl7.org/fhir/StructureDefinition/implementationguide-page","valueUri":"StructureDefinition-ext-vn-ethnicity.html"}],"reference":{"reference":"StructureDefinition/ext-vn-ethnicity"},"name":"Vietnam Ethnicity ","description":"Vietnam Ethnicity","groupingId":"-str-extension"},{"extension":[{"url":"http://hl7.org/fhir/StructureDefinition/implementationguide-page","valueUri":"CodeSystem-cs-treatment-status.html"}],"reference":{"reference":"CodeSystem/cs-treatment-status"},"groupingId":"-term-codesystem"},{"extension":[{"url":"http://hl7.org/fhir/StructureDefinition/implementationguide-page","valueUri":"ValueSet-vs-patient-gender-identity.html"}],"reference":{"reference":"ValueSet/vs-patient-gender-identity"},"name":"Patient Gender Identity","description":"Valueset - patient gender identities","groupingId":"-term-valueset"},{"extension":[{"url":"http://hl7.org/fhir/StructureDefinition/implementationguide-page","valueUri":"StructureDefinition-aids-diagnosis-observation.html"}],"reference":{"reference":"StructureDefinition/aids-diagnosis-observation"},"name":"AIDS Diagnosis result","description":"This profile allows the exchange of a patient's hiv recency test","groupingId":"-str-profile"},{"extension":[{"url":"http://hl7.org/fhir/StructureDefinition/implementationguide-page","valueUri":"CodeSystem-cs-vn-regimenlevel.html"}],"reference":{"reference":"CodeSystem/cs-vn-regimenlevel"},"name":"CodeSystem Vietnam HIV Regimen Level ","description":"CodeSystem - Vietnam HIV Regimen Level","groupingId":"-term-codesystem"},{"extension":[{"url":"http://hl7.org/fhir/StructureDefinition/implementationguide-page","valueUri":"StructureDefinition-pregnancy-status.html"}],"reference":{"reference":"StructureDefinition/pregnancy-status"},"name":"Pregnancy status","description":"Pregnancy status.","groupingId":"-str-profile"},{"extension":[{"url":"http://hl7.org/fhir/StructureDefinition/implementationguide-page","valueUri":"ValueSet-vs-arv-treatment-status.html"}],"reference":{"reference":"ValueSet/vs-arv-treatment-status"},"name":"Arv treatment Status","description":"Valueset - ARV treatment Status","groupingId":"-term-valueset"},{"extension":[{"url":"http://hl7.org/fhir/StructureDefinition/implementationguide-page","valueUri":"StructureDefinition-hiv-diagnosis-observation.html"}],"reference":{"reference":"StructureDefinition/hiv-diagnosis-observation"},"name":"HIV Diagnosis result","description":"This profile allows the exchange of a patient's hiv recency test","groupingId":"-str-profile"},{"extension":[{"url":"http://hl7.org/fhir/StructureDefinition/implementationguide-page","valueUri":"ValueSet-cs-viralload-indications.html"}],"reference":{"reference":"ValueSet/cs-viralload-indications"},"name":"Viralload Indications","description":"Valueset - cs-viralload-indications","groupingId":"-term-valueset"},{"extension":[{"url":"http://hl7.org/fhir/StructureDefinition/implementationguide-page","valueUri":"StructureDefinition-hiv-viral-load.html"}],"reference":{"reference":"StructureDefinition/hiv-viral-load"},"name":"HIV viral load","description":"HIV viral load.","groupingId":"-str-profile"},{"extension":[{"url":"http://hl7.org/fhir/StructureDefinition/implementationguide-page","valueUri":"ValueSet-vs-recency-rita.html"}],"reference":{"reference":"ValueSet/vs-recency-rita"},"name":"Recency RITA result","description":"Valueset - Recency RITA result","groupingId":"-term-valueset"},{"extension":[{"url":"http://hl7.org/fhir/StructureDefinition/implementationguide-page","valueUri":"ValueSet-vs-treatment-category.html"}],"reference":{"reference":"ValueSet/vs-treatment-category"},"name":"Category of the treatment","description":"Valueset - Category of the treatment","groupingId":"-term-valueset"},{"extension":[{"url":"http://hl7.org/fhir/StructureDefinition/implementationguide-page","valueUri":"StructureDefinition-hiv-treatment-process.html"}],"reference":{"reference":"StructureDefinition/hiv-treatment-process"},"name":"HIV Treatment","description":"This profile allows the exchange of a patient's treatment","groupingId":"-str-profile"},{"extension":[{"url":"http://hl7.org/fhir/StructureDefinition/implementationguide-page","valueUri":"CodeSystem-cs-patient-gender-identity.html"}],"reference":{"reference":"CodeSystem/cs-patient-gender-identity"},"name":"Patient Gender Identity","description":"A list of genders that the patient may identify with","groupingId":"-term-codesystem"},{"extension":[{"url":"http://hl7.org/fhir/StructureDefinition/implementationguide-page","valueUri":"CodeSystem-cs-patient-communication-preferences.html"}],"reference":{"reference":"CodeSystem/cs-patient-communication-preferences"},"name":"Patient Communication Preferences","description":"The way the patient prefers to be contacted","groupingId":"-term-codesystem"},{"extension":[{"url":"http://hl7.org/fhir/StructureDefinition/implementationguide-page","valueUri":"QuestionnaireResponse-exampleresponse.html"}],"reference":{"reference":"QuestionnaireResponse/exampleresponse"},"groupingId":"-other"},{"extension":[{"url":"http://hl7.org/fhir/StructureDefinition/implementationguide-page","valueUri":"StructureDefinition-hiv-treatment-methadone-process.html"}],"reference":{"reference":"StructureDefinition/hiv-treatment-methadone-process"},"name":"Methadon Treatment","description":"This profile allows to add methadone status","groupingId":"-str-profile"},{"extension":[{"url":"http://hl7.org/fhir/StructureDefinition/implementationguide-page","valueUri":"StructureDefinition-hiv-risk-factor.html"}],"reference":{"reference":"StructureDefinition/hiv-risk-factor"},"name":"HIV Risk Behavior","description":"This profile allows the exchange of patient's risk behaviors","groupingId":"-str-profile"},{"extension":[{"url":"http://hl7.org/fhir/StructureDefinition/implementationguide-page","valueUri":"ValueSet-vs-patient-communication-preferences.html"}],"reference":{"reference":"ValueSet/vs-patient-communication-preferences"},"name":"Patient Communication Preferences","description":"Valueset - Patient Communication Preferences","groupingId":"-term-valueset"},{"extension":[{"url":"http://hl7.org/fhir/StructureDefinition/implementationguide-page","valueUri":"Observation-a-hiv-diagnosis-observation.html"}],"reference":{"reference":"Observation/a-hiv-diagnosis-observation"},"name":"Example Observation - a-hiv-diagnosis-observation","exampleCanonical":"http://openhie.org/fhir/openhie.vn.case-reporting.hiv/StructureDefinition/hiv-diagnosis-observation","groupingId":"-ex-example"},{"extension":[{"url":"http://hl7.org/fhir/StructureDefinition/implementationguide-page","valueUri":"ValueSet-vs-vn-administrativeaddress.html"}],"reference":{"reference":"ValueSet/vs-vn-administrativeaddress"},"name":"Vietnam Administrative Address","description":"Thông tin địa danh hành chính - Theo ban hành Danh mục Dân tộc của Tổng cục thống kê","groupingId":"-term-valueset"},{"extension":[{"url":"http://hl7.org/fhir/StructureDefinition/implementationguide-page","valueUri":"NamingSystem-NationalPatientIdentifier9Digit.html"}],"reference":{"reference":"NamingSystem/NationalPatientIdentifier9Digit"},"groupingId":"-term-namingsystem"},{"extension":[{"url":"http://hl7.org/fhir/StructureDefinition/implementationguide-page","valueUri":"StructureDefinition-hiv-specimen.html"}],"reference":{"reference":"StructureDefinition/hiv-specimen"},"name":"HIV specimen","description":"The specimen used for the result","groupingId":"-str-profile"},{"extension":[{"url":"http://hl7.org/fhir/StructureDefinition/implementationguide-page","valueUri":"ValueSet-vs-hiv-rapidtestresults.html"}],"reference":{"reference":"ValueSet/vs-hiv-rapidtestresults"},"name":"HIVRapidTestResults","description":"HIV rapid test result codes","groupingId":"-term-valueset"},{"extension":[{"url":"http://hl7.org/fhir/StructureDefinition/implementationguide-page","valueUri":"CodeSystem-cs-hiv-risk-behavior.html"}],"reference":{"reference":"CodeSystem/cs-hiv-risk-behavior"},"name":"Risk Behavior","description":"CodeSystem - Behavior associated with risk of HIV transmission","groupingId":"-term-codesystem"},{"extension":[{"url":"http://hl7.org/fhir/StructureDefinition/implementationguide-page","valueUri":"ValueSet-vs-vn-regimen.html"}],"reference":{"reference":"ValueSet/vs-vn-regimen"},"name":"ValueSet Vietnam HIV Regimen","description":"ValueSet - Vietnam HIV Regimen","groupingId":"-term-valueset"},{"extension":[{"url":"http://hl7.org/fhir/StructureDefinition/implementationguide-page","valueUri":"StructureDefinition-hiv-patient.html"}],"reference":{"reference":"StructureDefinition/hiv-patient"},"name":"HIV Patient","description":"This Patient profile allows the exchange of patient information, including all the data associated with HIV patients","groupingId":"-str-profile"},{"extension":[{"url":"http://hl7.org/fhir/StructureDefinition/implementationguide-page","valueUri":"StructureDefinition-hiv-transmission-route.html"}],"reference":{"reference":"StructureDefinition/hiv-transmission-route"},"name":"HIV Transmission route","description":"This profile allows the patient's transmission route","groupingId":"-str-profile"},{"extension":[{"url":"http://hl7.org/fhir/StructureDefinition/implementationguide-page","valueUri":"Observation-a-hiv-viral-load.html"}],"reference":{"reference":"Observation/a-hiv-viral-load"},"name":"Example Observation - a-hiv-viral-load","exampleCanonical":"http://openhie.org/fhir/openhie.vn.case-reporting.hiv/StructureDefinition/hiv-viral-load","groupingId":"-ex-example"},{"extension":[{"url":"http://hl7.org/fhir/StructureDefinition/implementationguide-page","valueUri":"ValueSet-vs-vn-ethnicity.html"}],"reference":{"reference":"ValueSet/vs-vn-ethnicity"},"name":"Valueset Vietnam Ethnicity","description":"Valueset - Vietnam Ethnicity","groupingId":"-term-valueset"},{"extension":[{"url":"http://hl7.org/fhir/StructureDefinition/implementationguide-page","valueUri":"ValueSet-vs-hiv-pregnancy-outcome.html"}],"reference":{"reference":"ValueSet/vs-hiv-pregnancy-outcome"},"name":"HIV Pregnancy outcome","description":"Valueset - Pregnancy Outcome","groupingId":"-term-valueset"},{"extension":[{"url":"http://hl7.org/fhir/StructureDefinition/implementationguide-page","valueUri":"StructureDefinition-hiv-cd4-observation.html"}],"reference":{"reference":"StructureDefinition/hiv-cd4-observation"},"name":"CD4 Observation","description":"This profile allows the exchange of a patient's CD$ test and results","groupingId":"-str-profile"},{"extension":[{"url":"http://hl7.org/fhir/StructureDefinition/implementationguide-page","valueUri":"ValueSet-VSDateComponent.html"}],"reference":{"reference":"ValueSet/VSDateComponent"},"name":"Date component of pregnancy","description":"Date component of pregnancy associated with HIV case","groupingId":"-term-valueset"},{"extension":[{"url":"http://hl7.org/fhir/StructureDefinition/implementationguide-page","valueUri":"Observation-a-recency-result.html"}],"reference":{"reference":"Observation/a-recency-result"},"name":"Example Observation - a-recency-result","exampleCanonical":"http://openhie.org/fhir/openhie.vn.case-reporting.hiv/StructureDefinition/hiv-recency-result","groupingId":"-ex-example"},{"extension":[{"url":"http://hl7.org/fhir/StructureDefinition/implementationguide-page","valueUri":"ValueSet-vs-vn-regimenlevel.html"}],"reference":{"reference":"ValueSet/vs-vn-regimenlevel"},"name":"ValueSet Vietnam HIV Regimen Level ","description":"ValueSet - Vietnam HIV Regimen Level","groupingId":"-term-valueset"},{"extension":[{"url":"http://hl7.org/fhir/StructureDefinition/implementationguide-page","valueUri":"StructureDefinition-arv-therapy-summary.html"}],"reference":{"reference":"StructureDefinition/arv-therapy-summary"},"name":"ART therapy summary","description":"ART therapy summary.","groupingId":"-str-profile"},{"extension":[{"url":"http://hl7.org/fhir/StructureDefinition/implementationguide-page","valueUri":"CodeSystem-cs-recency-result.html"}],"reference":{"reference":"CodeSystem/cs-recency-result"},"groupingId":"-term-codesystem"},{"extension":[{"url":"http://hl7.org/fhir/StructureDefinition/implementationguide-page","valueUri":"ValueSet-vs-common-date.html"}],"reference":{"reference":"ValueSet/vs-common-date"},"description":"Define common event date","groupingId":"-term-valueset"},{"extension":[{"url":"http://hl7.org/fhir/StructureDefinition/implementationguide-page","valueUri":"ValueSet-vs-type-of-contact.html"}],"reference":{"reference":"ValueSet/vs-type-of-contact"},"name":"Type of contact or relationship","description":"Type of contact or relationship","groupingId":"-term-valueset"},{"extension":[{"url":"http://hl7.org/fhir/StructureDefinition/implementationguide-page","valueUri":"CodeSystem-cs-pregnancy-outcome.html"}],"reference":{"reference":"CodeSystem/cs-pregnancy-outcome"},"groupingId":"-term-codesystem"},{"extension":[{"url":"http://hl7.org/fhir/StructureDefinition/implementationguide-page","valueUri":"ValueSet-vs-hiv-population.html"}],"reference":{"reference":"ValueSet/vs-hiv-population"},"name":"Risk Population relevant for HIV","description":"Valueset - Risk population relevant for HIV","groupingId":"-term-valueset"},{"extension":[{"url":"http://hl7.org/fhir/StructureDefinition/implementationguide-page","valueUri":"ValueSet-vs-hiv-risk-behavior.html"}],"reference":{"reference":"ValueSet/vs-hiv-risk-behavior"},"name":"Risk Behavior","description":"ValueSet - Behavior associated with risk of HIV transmission","groupingId":"-term-valueset"},{"extension":[{"url":"http://hl7.org/fhir/StructureDefinition/implementationguide-page","valueUri":"Observation-a-pregnancy-status.html"}],"reference":{"reference":"Observation/a-pregnancy-status"},"name":"Example Observation - a-pregnancy-status","exampleCanonical":"http://openhie.org/fhir/openhie.vn.case-reporting.hiv/StructureDefinition/pregnancy-status","groupingId":"-ex-example"},{"extension":[{"url":"http://hl7.org/fhir/StructureDefinition/implementationguide-page","valueUri":"CodeSystem-cs-treatment-patient-category.html"}],"reference":{"reference":"CodeSystem/cs-treatment-patient-category"},"groupingId":"-term-codesystem"},{"extension":[{"url":"http://hl7.org/fhir/StructureDefinition/implementationguide-page","valueUri":"Bundle-examplebundle.html"}],"reference":{"reference":"Bundle/examplebundle"},"name":"Example Bundle - examplebundle","exampleCanonical":"http://openhie.org/fhir/openhie.vn.case-reporting.hiv/StructureDefinition/hiv-condition","groupingId":"-ex-example"},{"extension":[{"url":"http://hl7.org/fhir/StructureDefinition/implementationguide-page","valueUri":"StructureDefinition-hiv-treatment-hepatitis-process.html"}],"reference":{"reference":"StructureDefinition/hiv-treatment-hepatitis-process"},"name":"Hepatitis Treatment","description":"This profile allows to add hepatitis status","groupingId":"-str-profile"},{"extension":[{"url":"http://hl7.org/fhir/StructureDefinition/implementationguide-page","valueUri":"ValueSet-vs-hiv-sympthoms.html"}],"reference":{"reference":"ValueSet/vs-hiv-sympthoms"},"groupingId":"-term-valueset"},{"extension":[{"url":"http://hl7.org/fhir/StructureDefinition/implementationguide-page","valueUri":"CodeSystem-cs-hiv-common.html"}],"reference":{"reference":"CodeSystem/cs-hiv-common"},"groupingId":"-term-codesystem"},{"extension":[{"url":"http://hl7.org/fhir/StructureDefinition/implementationguide-page","valueUri":"CarePlan-a-treatment-record.html"}],"reference":{"reference":"CarePlan/a-treatment-record"},"name":"Example CarePlan - a-treatment-record","exampleCanonical":"http://openhie.org/fhir/openhie.vn.case-reporting.hiv/StructureDefinition/hiv-treatment-process","groupingId":"-ex-example"},{"extension":[{"url":"http://hl7.org/fhir/StructureDefinition/implementationguide-page","valueUri":"StructureDefinition-hiv-treatment-tb-process.html"}],"reference":{"reference":"StructureDefinition/hiv-treatment-tb-process"},"name":"TB Treatment","description":"This profile allows to add tuberculosis status","groupingId":"-str-profile"},{"extension":[{"url":"http://hl7.org/fhir/StructureDefinition/implementationguide-page","valueUri":"StructureDefinition-ext-specimen-collection-place.html"}],"reference":{"reference":"StructureDefinition/ext-specimen-collection-place"},"name":"Specimen Collection Place","description":"Specimen Collection Place.","groupingId":"-str-extension"},{"extension":[{"url":"http://hl7.org/fhir/StructureDefinition/implementationguide-page","valueUri":"CodeSystem-type-of-contact.html"}],"reference":{"reference":"CodeSystem/type-of-contact"},"name":"Type of contact or relationship","description":"Type of contact or relationship","groupingId":"-term-codesystem"},{"extension":[{"url":"http://hl7.org/fhir/StructureDefinition/implementationguide-page","valueUri":"Observation-a-hiv-cd4-observation.html"}],"reference":{"reference":"Observation/a-hiv-cd4-observation"},"name":"Example Observation - a-hiv-cd4-observation","exampleCanonical":"http://openhie.org/fhir/openhie.vn.case-reporting.hiv/StructureDefinition/hiv-cd4-observation","groupingId":"-ex-example"}],"page":{"nameUrl":"toc.html","title":"Table of Contents","generation":"html","page":[{"nameUrl":"index.html","title":"MyIG Home Page","generation":"html"},{"nameUrl":"references.html","title":"References","generation":"html"},{"nameUrl":"actors.html","title":"Actors","generation":"html"},{"nameUrl":"downloads.html","title":"Useful Downloads","generation":"html"},{"nameUrl":"changes.html","title":"IG Change History","generation":"html"},{"nameUrl":"artifacts.html","title":"Artifacts Summary","generation":"html","page":[{"nameUrl":"Questionnaire-hiv-case-report-questionnaire.html","generation":"generated"},{"nameUrl":"Questionnaire-vn-hiv-csv-import-questionnaire.html","title":"HIV Case surveillance import","generation":"generated"},{"nameUrl":"StructureDefinition-hiv-recency-result.html","title":"HIV Recency result","generation":"generated"},{"nameUrl":"StructureDefinition-hiv-key-population.html","title":"HIV key population","generation":"generated"},{"nameUrl":"StructureDefinition-hiv-arv-careplan.html","title":"ARVCarePlan","generation":"generated"},{"nameUrl":"StructureDefinition-hiv-condition.html","title":"HIV Condition","generation":"generated"},{"nameUrl":"StructureDefinition-aids-diagnosis-observation.html","title":"AIDS Diagnosis result","generation":"generated"},{"nameUrl":"StructureDefinition-pregnancy-status.html","title":"Pregnancy status","generation":"generated"},{"nameUrl":"StructureDefinition-hiv-diagnosis-observation.html","title":"HIV Diagnosis result","generation":"generated"},{"nameUrl":"StructureDefinition-hiv-viral-load.html","title":"HIV viral load","generation":"generated"},{"nameUrl":"StructureDefinition-hiv-treatment-process.html","title":"HIV Treatment","generation":"generated"},{"nameUrl":"StructureDefinition-hiv-treatment-methadone-process.html","title":"Methadon Treatment","generation":"generated"},{"nameUrl":"StructureDefinition-hiv-risk-factor.html","title":"HIV Risk Behavior","generation":"generated"},{"nameUrl":"StructureDefinition-hiv-specimen.html","title":"HIV specimen","generation":"generated"},{"nameUrl":"StructureDefinition-hiv-patient.html","title":"HIV Patient","generation":"generated"},{"nameUrl":"StructureDefinition-hiv-transmission-route.html","title":"HIV Transmission route","generation":"generated"},{"nameUrl":"StructureDefinition-hiv-cd4-observation.html","title":"CD4 Observation","generation":"generated"},{"nameUrl":"StructureDefinition-arv-therapy-summary.html","title":"ART therapy summary","generation":"generated"},{"nameUrl":"StructureDefinition-hiv-treatment-hepatitis-process.html","title":"Hepatitis Treatment","generation":"generated"},{"nameUrl":"StructureDefinition-hiv-treatment-tb-process.html","title":"TB Treatment","generation":"generated"},{"nameUrl":"StructureDefinition-vn-administrative-address.html","title":"Vietnam Administrative Address","generation":"generated"},{"nameUrl":"StructureDefinition-ext-vn-ethnicity.html","title":"Vietnam Ethnicity ","generation":"generated"},{"nameUrl":"StructureDefinition-ext-specimen-collection-place.html","title":"Specimen Collection Place","generation":"generated"},{"nameUrl":"ValueSet-vs-recency-rtri.html","title":"Recency RITA result","generation":"generated"},{"nameUrl":"ValueSet-vs-viralload-group.html","title":"Viral Load group","generation":"generated"},{"nameUrl":"ValueSet-vs-hiv-transmission-route.html","title":"HIV Transmission Route","generation":"generated"},{"nameUrl":"ValueSet-vs-hiv-occupation.html","generation":"generated"},{"nameUrl":"ValueSet-vs-diagnosis-results.html","title":"VSDiagnosisResults","generation":"generated"},{"nameUrl":"ValueSet-vs-patient-gender.html","title":"Patient Gender","generation":"generated"},{"nameUrl":"ValueSet-vs-patient-gender-identity.html","title":"Patient Gender Identity","generation":"generated"},{"nameUrl":"ValueSet-vs-arv-treatment-status.html","title":"Arv treatment Status","generation":"generated"},{"nameUrl":"ValueSet-cs-viralload-indications.html","title":"Viralload Indications","generation":"generated"},{"nameUrl":"ValueSet-vs-recency-rita.html","title":"Recency RITA result","generation":"generated"},{"nameUrl":"ValueSet-vs-treatment-category.html","title":"Category of the treatment","generation":"generated"},{"nameUrl":"ValueSet-vs-patient-communication-preferences.html","title":"Patient Communication Preferences","generation":"generated"},{"nameUrl":"ValueSet-vs-vn-administrativeaddress.html","title":"Vietnam Administrative Address","generation":"generated"},{"nameUrl":"ValueSet-vs-hiv-rapidtestresults.html","title":"HIVRapidTestResults","generation":"generated"},{"nameUrl":"ValueSet-vs-vn-regimen.html","title":"ValueSet Vietnam HIV Regimen","generation":"generated"},{"nameUrl":"ValueSet-vs-vn-ethnicity.html","title":"Valueset Vietnam Ethnicity","generation":"generated"},{"nameUrl":"ValueSet-vs-hiv-pregnancy-outcome.html","title":"HIV Pregnancy outcome","generation":"generated"},{"nameUrl":"ValueSet-VSDateComponent.html","title":"Date component of pregnancy","generation":"generated"},{"nameUrl":"ValueSet-vs-vn-regimenlevel.html","title":"ValueSet Vietnam HIV Regimen Level ","generation":"generated"},{"nameUrl":"ValueSet-vs-common-date.html","generation":"generated"},{"nameUrl":"ValueSet-vs-type-of-contact.html","title":"Type of contact or relationship","generation":"generated"},{"nameUrl":"ValueSet-vs-hiv-population.html","title":"Risk Population relevant for HIV","generation":"generated"},{"nameUrl":"ValueSet-vs-hiv-risk-behavior.html","title":"Risk Behavior","generation":"generated"},{"nameUrl":"ValueSet-vs-hiv-sympthoms.html","generation":"generated"},{"nameUrl":"CodeSystem-cs-viralload-indications.html","title":"Viralload Indications","generation":"generated"},{"nameUrl":"CodeSystem-cs-hiv-transmission-route.html","title":"HIV Transmission Route","generation":"generated"},{"nameUrl":"CodeSystem-cs-vn-ethnicity.html","title":"CodeSystem Vietnam Ethnicity","generation":"generated"},{"nameUrl":"CodeSystem-cs-hiv-population.html","title":"Population groups","generation":"generated"},{"nameUrl":"CodeSystem-cs-patient-gender.html","title":"Patient Gender","generation":"generated"},{"nameUrl":"CodeSystem-cs-viralload-group.html","title":"Viral Load group","generation":"generated"},{"nameUrl":"CodeSystem-cs-vn-regimen.html","title":"CodeSystem Vietnam HIV Regimen","generation":"generated"},{"nameUrl":"CodeSystem-cs-gender.html","generation":"generated"},{"nameUrl":"CodeSystem-cs-arv-treatment-status.html","generation":"generated"},{"nameUrl":"CodeSystem-cs-treatment-status.html","generation":"generated"},{"nameUrl":"CodeSystem-cs-vn-regimenlevel.html","title":"CodeSystem Vietnam HIV Regimen Level ","generation":"generated"},{"nameUrl":"CodeSystem-cs-patient-gender-identity.html","title":"Patient Gender Identity","generation":"generated"},{"nameUrl":"CodeSystem-cs-patient-communication-preferences.html","title":"Patient Communication Preferences","generation":"generated"},{"nameUrl":"CodeSystem-cs-hiv-risk-behavior.html","title":"Risk Behavior","generation":"generated"},{"nameUrl":"CodeSystem-cs-recency-result.html","generation":"generated"},{"nameUrl":"CodeSystem-cs-pregnancy-outcome.html","generation":"generated"},{"nameUrl":"CodeSystem-cs-treatment-patient-category.html","generation":"generated"},{"nameUrl":"CodeSystem-cs-hiv-common.html","generation":"generated"},{"nameUrl":"CodeSystem-type-of-contact.html","title":"Type of contact or relationship","generation":"generated"},{"nameUrl":"NamingSystem-NationalPatientIdentifier9Digit.html","generation":"generated"},{"nameUrl":"Patient-test-hiv-patient.html","title":"Example Patient - test-hiv-patient","generation":"generated"},{"nameUrl":"Observation-an-aids-diagnosis-observation.html","title":"Example Observation - an-aids-diagnosis-observation","generation":"generated"},{"nameUrl":"Observation-a-hiv-diagnosis-observation.html","title":"Example Observation - a-hiv-diagnosis-observation","generation":"generated"},{"nameUrl":"Observation-a-hiv-viral-load.html","title":"Example Observation - a-hiv-viral-load","generation":"generated"},{"nameUrl":"Observation-a-recency-result.html","title":"Example Observation - a-recency-result","generation":"generated"},{"nameUrl":"Observation-a-pregnancy-status.html","title":"Example Observation - a-pregnancy-status","generation":"generated"},{"nameUrl":"Bundle-examplebundle.html","title":"Example Bundle - examplebundle","generation":"generated"},{"nameUrl":"CarePlan-a-treatment-record.html","title":"Example CarePlan - a-treatment-record","generation":"generated"},{"nameUrl":"Observation-a-hiv-cd4-observation.html","title":"Example Observation - a-hiv-cd4-observation","generation":"generated"},{"nameUrl":"QuestionnaireResponse-exampleresponse.html","generation":"generated"}]}]},"parameter":[{"code":"path-resource","value":"input\\history"},{"code":"path-resource","value":"input\\scenarios"},{"code":"path-resource","value":"input/capabilities"},{"code":"path-resource","value":"input/examples"},{"code":"path-resource","value":"input/extensions"},{"code":"path-resource","value":"input/models"},{"code":"path-resource","value":"input/operations"},{"code":"path-resource","value":"input/profiles"},{"code":"path-resource","value":"input/resources"},{"code":"path-resource","value":"input/vocabulary"},{"code":"path-resource","value":"input/testing"},{"code":"path-resource","value":"input/history"},{"code":"path-resource","value":"fsh-generated/resources"},{"code":"path-pages","value":"template/config"},{"code":"path-pages","value":"input/images"},{"code":"path-tx-cache","value":"input-cache/txcache"}]}}