{"resourceType":"ValueSet","id":"vs-recency-rita","text":{"status":"extensions","div":"<div xmlns=\"http://www.w3.org/1999/xhtml\"><ul><li>Include these codes as defined in <a href=\"CodeSystem-RecencyRITAresult.html\"><code>http://openhie.org/fhir/openhie.vn.case-reporting.hiv/CodeSystem/RecencyRITAresult</code></a><table class=\"none\"><tr><td style=\"white-space:nowrap\"><b>Code</b></td><td><b>Display</b></td><td><b>Definition</b></td></tr><tr><td><a href=\"CodeSystem-RecencyRITAresult.html#RecencyRITAresult-newInfection\">newInfection</a></td><td>newInfection</td><td>New Infection</td></tr><tr><td><a href=\"CodeSystem-RecencyRITAresult.html#RecencyRITAresult-infection\">infection</a></td><td>infection</td><td>Infection</td></tr></table></li></ul></div>"},"url":"http://openhie.org/fhir/openhie.vn.case-reporting.hiv/ValueSet/vs-recency-rita","version":"0.1.0-test","name":"VSRecencyRITAResult","title":"Recency RITA result","status":"active","date":"2022-02-25T20:52:14+00:00","publisher":"OpenHIE","contact":[{"telecom":[{"system":"url","value":"http://ohie.org"}]}],"description":"Valueset - Recency RITA result","jurisdiction":[{"coding":[{"system":"http://unstats.un.org/unsd/methods/m49/m49.htm","code":"001"}]}],"compose":{"include":[{"system":"http://openhie.org/fhir/openhie.vn.case-reporting.hiv/CodeSystem/RecencyRITAresult","concept":[{"code":"newInfection"},{"code":"infection"}]}]}}