{"resourceType":"ValueSet","id":"vs-treatment-category","text":{"status":"generated","div":"<div xmlns=\"http://www.w3.org/1999/xhtml\"><p>This value set includes codes based on the following rules:</p><ul><li>Include all codes defined in <a href=\"CodeSystem-cs-treatment-patient-category.html\"><code>http://openhie.org/fhir/openhie.vn.case-reporting.hiv/CodeSystem/cs-treatment-patient-category</code></a></li><li>Include all codes defined in <a href=\"CodeSystem-cs-treatment-status.html\"><code>http://openhie.org/fhir/openhie.vn.case-reporting.hiv/CodeSystem/cs-treatment-status</code></a></li></ul></div>"},"url":"http://openhie.org/fhir/openhie.vn.case-reporting.hiv/ValueSet/vs-treatment-category","version":"0.1.0-test","name":"VSTreatmentCategory","title":"Category of the treatment","status":"active","date":"2022-02-25T20:43:03+00:00","publisher":"OpenHIE","contact":[{"telecom":[{"system":"url","value":"http://ohie.org"}]}],"description":"Valueset - Category of the treatment","jurisdiction":[{"coding":[{"system":"http://unstats.un.org/unsd/methods/m49/m49.htm","code":"001"}]}],"compose":{"include":[{"system":"http://openhie.org/fhir/openhie.vn.case-reporting.hiv/CodeSystem/cs-treatment-patient-category"},{"system":"http://openhie.org/fhir/openhie.vn.case-reporting.hiv/CodeSystem/cs-treatment-status"}]}}