{"resourceType":"ValueSet","id":"vs-vn-regimenlevel","text":{"status":"generated","div":"<div xmlns=\"http://www.w3.org/1999/xhtml\"><ul><li>Include all codes defined in <a href=\"CodeSystem-cs-vn-regimenlevel.html\"><code>http://openhie.org/fhir/openhie.vn.case-reporting.hiv/CodeSystem/cs-vn-regimenlevel</code></a></li></ul></div>"},"url":"http://openhie.org/fhir/openhie.vn.case-reporting.hiv/ValueSet/vs-vn-regimenlevel","version":"0.1.0-test","name":"VSRegimenLevel","title":"ValueSet Vietnam HIV Regimen Level ","status":"active","date":"2021-06-15T16:05:51+00:00","publisher":"OpenHIE","contact":[{"telecom":[{"system":"url","value":"http://ohie.org"}]}],"description":"ValueSet - Vietnam HIV Regimen Level","jurisdiction":[{"coding":[{"system":"http://unstats.un.org/unsd/methods/m49/m49.htm","code":"001"}]}],"compose":{"include":[{"system":"http://openhie.org/fhir/openhie.vn.case-reporting.hiv/CodeSystem/cs-vn-regimenlevel"}]}}