<?xml version="1.0" encoding="UTF-8"?>

<CodeSystem xmlns="http://hl7.org/fhir">
  <id value="cs-vn-regimenline"/>
  <text>
    <status value="generated"/><div xmlns="http://www.w3.org/1999/xhtml"><p>This code system http://openhie.org/fhir/openhie.vn.case-reporting.hiv/CodeSystem/cs-vn-regimenline defines the following codes:</p><table class="codes"><tr><td style="white-space:nowrap"><b>Code</b></td><td><b>Display</b></td></tr><tr><td style="white-space:nowrap">lvl1<a name="cs-vn-regimenline-lvl1"> </a></td><td>First line</td></tr><tr><td style="white-space:nowrap">lvl2<a name="cs-vn-regimenline-lvl2"> </a></td><td>Second line</td></tr><tr><td style="white-space:nowrap">lvl3<a name="cs-vn-regimenline-lvl3"> </a></td><td>Third line</td></tr></table></div>
  </text>
  <url value="http://openhie.org/fhir/openhie.vn.case-reporting.hiv/CodeSystem/cs-vn-regimenline"/>
  <version value="0.1.0-test"/>
  <name value="CSRegimenLine"/>
  <title value="CodeSystem Vietnam HIV Regimen Line"/>
  <status value="active"/>
  <date value="2022-02-25T21:00:17+00:00"/>
  <publisher value="OpenHIE"/>
  <contact>
    <telecom>
      <system value="url"/>
      <value value="http://ohie.org"/>
    </telecom>
  </contact>
  <description value="CodeSystem - Vietnam HIV Regimen Line"/>
  <jurisdiction>
    <coding>
      <system value="http://unstats.un.org/unsd/methods/m49/m49.htm"/>
      <code value="001"/>
    </coding>
  </jurisdiction>
  <content value="complete"/>
  <count value="3"/>
  <concept>
    <code value="lvl1"/>
    <display value="First line"/>
  </concept>
  <concept>
    <code value="lvl2"/>
    <display value="Second line"/>
  </concept>
  <concept>
    <code value="lvl3"/>
    <display value="Third line"/>
  </concept>
</CodeSystem>