<?xml version="1.0" encoding="UTF-8"?>

<CodeSystem xmlns="http://hl7.org/fhir">
  <id value="cs-treatment-patient-category"/>
  <text>
    <status value="generated"/><div xmlns="http://www.w3.org/1999/xhtml"><p>This code system http://openhie.org/fhir/openhie.vn.case-reporting.hiv/CodeSystem/cs-treatment-patient-category defines the following codes:</p><table class="codes"><tr><td style="white-space:nowrap"><b>Code</b></td><td><b>Display</b></td></tr><tr><td style="white-space:nowrap">register<a name="cs-treatment-patient-category-register"> </a></td><td>Register</td></tr><tr><td style="white-space:nowrap">reRegister<a name="cs-treatment-patient-category-reRegister"> </a></td><td>Re-Register</td></tr><tr><td style="white-space:nowrap">transfer<a name="cs-treatment-patient-category-transfer"> </a></td><td>Transfer</td></tr></table><p><b>Additional Language Displays</b></p><table class="codes"><tr><td><b>Code</b></td><td><b>vi</b></td></tr><tr><td>register</td><td>Đăng ký mới</td></tr><tr><td>reRegister</td><td>Đăng ký lại</td></tr><tr><td>transfer</td><td>Chuyển đến</td></tr></table></div>
  </text>
  <url value="http://openhie.org/fhir/openhie.vn.case-reporting.hiv/CodeSystem/cs-treatment-patient-category"/>
  <version value="0.1.0-test"/>
  <name value="Category of the patient"/>
  <status value="draft"/>
  <date value="2021-09-26T04:27:45+00:00"/>
  <publisher value="OpenHIE"/>
  <contact>
    <telecom>
      <system value="url"/>
      <value value="http://ohie.org"/>
    </telecom>
  </contact>
  <jurisdiction>
    <coding>
      <system value="http://unstats.un.org/unsd/methods/m49/m49.htm"/>
      <code value="001"/>
    </coding>
  </jurisdiction>
  <content value="complete"/>
  <concept>
    <code value="register"/>
    <display value="Register"/>
    <designation>
      <language value="vi-VN"/>
      <value value="Đăng ký mới"/>
    </designation>
  </concept>
  <concept>
    <code value="reRegister"/>
    <display value="Re-Register"/>
    <designation>
      <language value="vi-VN"/>
      <value value="Đăng ký lại"/>
    </designation>
  </concept>
  <concept>
    <code value="transfer"/>
    <display value="Transfer"/>
    <designation>
      <language value="vi-VN"/>
      <value value="Chuyển đến"/>
    </designation>
  </concept>
</CodeSystem>