<?xml version="1.0" encoding="UTF-8"?>

<CodeSystem xmlns="http://hl7.org/fhir">
  <id value="cs-patient-communication-preferences"/>
  <text>
    <status value="generated"/><div xmlns="http://www.w3.org/1999/xhtml"><p>This code system http://openhie.org/fhir/openhie.vn.case-reporting.hiv/CodeSystem/cs-patient-communication-preferences defines the following codes:</p><table class="codes"><tr><td style="white-space:nowrap"><b>Code</b></td><td><b>Display</b></td><td><b>Definition</b></td></tr><tr><td style="white-space:nowrap">text-message<a name="cs-patient-communication-preferences-text-message"> </a></td><td>SMS or  Text message</td><td>The client would like to receive communications via Text Message/SMS</td></tr><tr><td style="white-space:nowrap">voice-call<a name="cs-patient-communication-preferences-voice-call"> </a></td><td>Voice Call</td><td>Client would like to receive communications via Voice Calls</td></tr></table></div>
  </text>
  <url value="http://openhie.org/fhir/openhie.vn.case-reporting.hiv/CodeSystem/cs-patient-communication-preferences"/>
  <version value="0.1.0-test"/>
  <name value="CSPatientCommunicationPreferences"/>
  <title value="Patient Communication Preferences"/>
  <status value="active"/>
  <date value="2022-03-02T18:06:48+00:00"/>
  <publisher value="OpenHIE"/>
  <contact>
    <telecom>
      <system value="url"/>
      <value value="http://ohie.org"/>
    </telecom>
  </contact>
  <description value="The way the patient prefers to be contacted"/>
  <jurisdiction>
    <coding>
      <system value="http://unstats.un.org/unsd/methods/m49/m49.htm"/>
      <code value="001"/>
    </coding>
  </jurisdiction>
  <content value="complete"/>
  <count value="2"/>
  <concept>
    <code value="text-message"/>
    <display value="SMS or  Text message"/>
    <definition value="The client would like to receive communications via Text Message/SMS"/>
  </concept>
  <concept>
    <code value="voice-call"/>
    <display value="Voice Call"/>
    <definition value="Client would like to receive communications via Voice Calls"/>
  </concept>
</CodeSystem>