<?xml version="1.0" encoding="UTF-8"?>

<CodeSystem xmlns="http://hl7.org/fhir">
  <id value="cs-hiv-occupation"/>
  <text>
    <status value="generated"/><div xmlns="http://www.w3.org/1999/xhtml"><p>This code system http://openhie.org/fhir/openhie.vn.case-reporting.hiv/CodeSystem/cs-hiv-occupation defines the following codes:</p><table class="codes"><tr><td style="white-space:nowrap"><b>Code</b></td><td><b>Display</b></td></tr><tr><td style="white-space:nowrap">sex_business<a name="cs-hiv-occupation-sex_business"> </a></td><td>Persons work in services that are susceptible for sex work</td></tr><tr><td style="white-space:nowrap">driver<a name="cs-hiv-occupation-driver"> </a></td><td>Driver</td></tr><tr><td style="white-space:nowrap">fishman<a name="cs-hiv-occupation-fishman"> </a></td><td>Fishman</td></tr><tr><td style="white-space:nowrap">army<a name="cs-hiv-occupation-army"> </a></td><td>Army personnel</td></tr><tr><td style="white-space:nowrap">gov_empl<a name="cs-hiv-occupation-gov_empl"> </a></td><td>Government employee</td></tr><tr><td style="white-space:nowrap">worker<a name="cs-hiv-occupation-worker"> </a></td><td>Worker</td></tr><tr><td style="white-space:nowrap">student<a name="cs-hiv-occupation-student"> </a></td><td>Pupil/Student</td></tr><tr><td style="white-space:nowrap">free_lancer<a name="cs-hiv-occupation-free_lancer"> </a></td><td>Free lancer</td></tr><tr><td style="white-space:nowrap">unemployment<a name="cs-hiv-occupation-unemployment"> </a></td><td>Unemployment</td></tr><tr><td style="white-space:nowrap">child<a name="cs-hiv-occupation-child"> </a></td><td>Children</td></tr><tr><td style="white-space:nowrap">prisoner<a name="cs-hiv-occupation-prisoner"> </a></td><td>Prisoner</td></tr><tr><td style="white-space:nowrap">famer<a name="cs-hiv-occupation-famer"> </a></td><td>Farmer</td></tr><tr><td style="white-space:nowrap">other<a name="cs-hiv-occupation-other"> </a></td><td>Other</td></tr></table></div>
  </text>
  <url value="http://openhie.org/fhir/openhie.vn.case-reporting.hiv/CodeSystem/cs-hiv-occupation"/>
  <version value="0.1.0-test"/>
  <name value="CSOccupation"/>
  <title value="CodeSystem Occupation"/>
  <status value="active"/>
  <date value="2021-10-29T12:02:00+00:00"/>
  <publisher value="OpenHIE"/>
  <contact>
    <telecom>
      <system value="url"/>
      <value value="http://ohie.org"/>
    </telecom>
  </contact>
  <description value="CodeSystem - Occupation"/>
  <jurisdiction>
    <coding>
      <system value="http://unstats.un.org/unsd/methods/m49/m49.htm"/>
      <code value="001"/>
    </coding>
  </jurisdiction>
  <content value="complete"/>
  <count value="13"/>
  <concept>
    <code value="sex_business"/>
    <display value="Persons work in services that are susceptible for sex work"/>
  </concept>
  <concept>
    <code value="driver"/>
    <display value="Driver"/>
  </concept>
  <concept>
    <code value="fishman"/>
    <display value="Fishman"/>
  </concept>
  <concept>
    <code value="army"/>
    <display value="Army personnel"/>
  </concept>
  <concept>
    <code value="gov_empl"/>
    <display value="Government employee"/>
  </concept>
  <concept>
    <code value="worker"/>
    <display value="Worker"/>
  </concept>
  <concept>
    <code value="student"/>
    <display value="Pupil/Student"/>
  </concept>
  <concept>
    <code value="free_lancer"/>
    <display value="Free lancer"/>
  </concept>
  <concept>
    <code value="unemployment"/>
    <display value="Unemployment"/>
  </concept>
  <concept>
    <code value="child"/>
    <display value="Children"/>
  </concept>
  <concept>
    <code value="prisoner"/>
    <display value="Prisoner"/>
  </concept>
  <concept>
    <code value="famer"/>
    <display value="Farmer"/>
  </concept>
  <concept>
    <code value="other"/>
    <display value="Other"/>
  </concept>
</CodeSystem>