<?xml version="1.0" encoding="UTF-8"?>

<ValueSet xmlns="http://hl7.org/fhir">
  <id value="HIVRelationshipTypesVS"/>
  <text>
    <status value="extensions"/><div xmlns="http://www.w3.org/1999/xhtml"><ul><li>Include these codes as defined in <a href="http://terminology.hl7.org/3.0.0/CodeSystem-v3-RoleCode.html"><code>http://terminology.hl7.org/CodeSystem/v3-RoleCode</code></a><table class="none"><tr><td style="white-space:nowrap"><b>Code</b></td><td><b>Display</b></td><td><b>Definition</b></td></tr><tr><td><a href="http://terminology.hl7.org/3.0.0/CodeSystem-v3-RoleCode.html#v3-RoleCode-CHILD">CHILD</a></td><td>Child</td><td>The player of the role is a child of the scoping entity.</td></tr></table></li></ul></div>
  </text>
  <url value="http://openhie.org/fhir/openhie.vn.case-reporting.hiv/ValueSet/HIVRelationshipTypesVS"/>
  <version value="0.1.0-test"/>
  <name value="HIVRelationshipTypesVS"/>
  <title value="Relationship types"/>
  <status value="active"/>
  <date value="2022-01-16T18:51:47+00:00"/>
  <publisher value="OpenHIE"/>
  <contact>
    <telecom>
      <system value="url"/>
      <value value="http://ohie.org"/>
    </telecom>
  </contact>
  <description value="Types of relationships between patients and related persons."/>
  <jurisdiction>
    <coding>
      <system value="http://unstats.un.org/unsd/methods/m49/m49.htm"/>
      <code value="001"/>
    </coding>
  </jurisdiction>
  <compose>
    <include>
      <system value="http://terminology.hl7.org/CodeSystem/v3-RoleCode"/>
      <concept>
        <code value="CHILD"/>
        <display value="Child"/>
      </concept>
    </include>
  </compose>
</ValueSet>