<?xml version="1.0" encoding="UTF-8"?>

<ValueSet xmlns="http://hl7.org/fhir">
  <id value="vs-common-date"/>
  <text>
    <status value="generated"/><div xmlns="http://www.w3.org/1999/xhtml"><ul><li>Include these codes as defined in <a href="http://www.snomed.org/"><code>http://snomed.info/sct</code></a><table class="none"><tr><td style="white-space:nowrap"><b>Code</b></td><td><b>Display</b></td></tr><tr><td><a href="http://browser.ihtsdotools.org/?perspective=full&amp;conceptId1=399445004">399445004</a></td><td>Specimen collection date (observable entity)</td></tr></table></li></ul></div>
  </text>
  <url value="http://openhie.org/fhir/openhie.vn.case-reporting.hiv/ValueSet/vs-common-date"/>
  <version value="0.1.0-test"/>
  <name value="VSCommonDate"/>
  <status value="active"/>
  <date value="2021-10-29T12:02:00+00:00"/>
  <publisher value="OpenHIE"/>
  <contact>
    <telecom>
      <system value="url"/>
      <value value="http://ohie.org"/>
    </telecom>
  </contact>
  <description value="Define common event date"/>
  <jurisdiction>
    <coding>
      <system value="http://unstats.un.org/unsd/methods/m49/m49.htm"/>
      <code value="001"/>
    </coding>
  </jurisdiction>
  <compose>
    <include>
      <system value="http://snomed.info/sct"/>
      <concept>
        <code value="399445004"/>
      </concept>
    </include>
  </compose>
</ValueSet>