<?xml version="1.0" encoding="UTF-8"?>

<CodeSystem xmlns="http://hl7.org/fhir">
  <id value="cs-vn-ethnicity"/>
  <text>
    <status value="generated"/><div xmlns="http://www.w3.org/1999/xhtml"><p>This code system http://openhie.org/fhir/openhie.vn.case-reporting.hiv/CodeSystem/cs-vn-ethnicity defines the following codes:</p><table class="codes"><tr><td style="white-space:nowrap"><b>Code</b></td><td><b>Display</b></td></tr><tr><td style="white-space:nowrap">1<a name="cs-vn-ethnicity-1"> </a></td><td>Kinh </td></tr><tr><td style="white-space:nowrap">2<a name="cs-vn-ethnicity-2"> </a></td><td>Tày </td></tr><tr><td style="white-space:nowrap">3<a name="cs-vn-ethnicity-3"> </a></td><td>Thái </td></tr><tr><td style="white-space:nowrap">4<a name="cs-vn-ethnicity-4"> </a></td><td>Hoa </td></tr><tr><td style="white-space:nowrap">5<a name="cs-vn-ethnicity-5"> </a></td><td>Khơ-me </td></tr><tr><td style="white-space:nowrap">6<a name="cs-vn-ethnicity-6"> </a></td><td>Mường </td></tr><tr><td style="white-space:nowrap">7<a name="cs-vn-ethnicity-7"> </a></td><td>Nùng </td></tr><tr><td style="white-space:nowrap">8<a name="cs-vn-ethnicity-8"> </a></td><td>Hmông </td></tr><tr><td style="white-space:nowrap">9<a name="cs-vn-ethnicity-9"> </a></td><td>Dao </td></tr><tr><td style="white-space:nowrap">10<a name="cs-vn-ethnicity-10"> </a></td><td>Gia-rai </td></tr><tr><td style="white-space:nowrap">11<a name="cs-vn-ethnicity-11"> </a></td><td>Ngái </td></tr><tr><td style="white-space:nowrap">12<a name="cs-vn-ethnicity-12"> </a></td><td>Ê-đê </td></tr><tr><td style="white-space:nowrap">13<a name="cs-vn-ethnicity-13"> </a></td><td>Ba-na </td></tr><tr><td style="white-space:nowrap">14<a name="cs-vn-ethnicity-14"> </a></td><td>Xơ-đăng </td></tr><tr><td style="white-space:nowrap">15<a name="cs-vn-ethnicity-15"> </a></td><td>Sán Chay </td></tr><tr><td style="white-space:nowrap">16<a name="cs-vn-ethnicity-16"> </a></td><td>Cơ-ho </td></tr><tr><td style="white-space:nowrap">17<a name="cs-vn-ethnicity-17"> </a></td><td>Chăm </td></tr><tr><td style="white-space:nowrap">18<a name="cs-vn-ethnicity-18"> </a></td><td>Sán Dìu </td></tr><tr><td style="white-space:nowrap">19<a name="cs-vn-ethnicity-19"> </a></td><td>Hrê </td></tr><tr><td style="white-space:nowrap">20<a name="cs-vn-ethnicity-20"> </a></td><td>Mnông </td></tr><tr><td style="white-space:nowrap">21<a name="cs-vn-ethnicity-21"> </a></td><td>Ra-glai </td></tr><tr><td style="white-space:nowrap">22<a name="cs-vn-ethnicity-22"> </a></td><td>Xtiêng </td></tr><tr><td style="white-space:nowrap">23<a name="cs-vn-ethnicity-23"> </a></td><td>Bru-Vân Kiều </td></tr><tr><td style="white-space:nowrap">24<a name="cs-vn-ethnicity-24"> </a></td><td>Thổ </td></tr><tr><td style="white-space:nowrap">25<a name="cs-vn-ethnicity-25"> </a></td><td>Giáy </td></tr><tr><td style="white-space:nowrap">26<a name="cs-vn-ethnicity-26"> </a></td><td>Cơ-tu </td></tr><tr><td style="white-space:nowrap">27<a name="cs-vn-ethnicity-27"> </a></td><td>Gié-Triêng </td></tr><tr><td style="white-space:nowrap">28<a name="cs-vn-ethnicity-28"> </a></td><td>Mạ </td></tr><tr><td style="white-space:nowrap">29<a name="cs-vn-ethnicity-29"> </a></td><td>Khơ-mú </td></tr><tr><td style="white-space:nowrap">30<a name="cs-vn-ethnicity-30"> </a></td><td>Co </td></tr><tr><td style="white-space:nowrap">31<a name="cs-vn-ethnicity-31"> </a></td><td>Ta-ôi </td></tr><tr><td style="white-space:nowrap">32<a name="cs-vn-ethnicity-32"> </a></td><td>Chơ-ro </td></tr><tr><td style="white-space:nowrap">33<a name="cs-vn-ethnicity-33"> </a></td><td>Kháng </td></tr><tr><td style="white-space:nowrap">34<a name="cs-vn-ethnicity-34"> </a></td><td>Xinh-mun </td></tr><tr><td style="white-space:nowrap">35<a name="cs-vn-ethnicity-35"> </a></td><td>Hà Nhì </td></tr><tr><td style="white-space:nowrap">36<a name="cs-vn-ethnicity-36"> </a></td><td>Chu-ru </td></tr><tr><td style="white-space:nowrap">37<a name="cs-vn-ethnicity-37"> </a></td><td>Lào </td></tr><tr><td style="white-space:nowrap">38<a name="cs-vn-ethnicity-38"> </a></td><td>La Chi </td></tr><tr><td style="white-space:nowrap">39<a name="cs-vn-ethnicity-39"> </a></td><td>La Ha </td></tr><tr><td style="white-space:nowrap">40<a name="cs-vn-ethnicity-40"> </a></td><td>Phù Lá </td></tr><tr><td style="white-space:nowrap">41<a name="cs-vn-ethnicity-41"> </a></td><td>La Hủ </td></tr><tr><td style="white-space:nowrap">42<a name="cs-vn-ethnicity-42"> </a></td><td>Lự </td></tr><tr><td style="white-space:nowrap">43<a name="cs-vn-ethnicity-43"> </a></td><td>Lô Lô </td></tr><tr><td style="white-space:nowrap">44<a name="cs-vn-ethnicity-44"> </a></td><td>Chứt </td></tr><tr><td style="white-space:nowrap">45<a name="cs-vn-ethnicity-45"> </a></td><td>Mảng </td></tr><tr><td style="white-space:nowrap">46<a name="cs-vn-ethnicity-46"> </a></td><td>Pà Thẻn </td></tr><tr><td style="white-space:nowrap">47<a name="cs-vn-ethnicity-47"> </a></td><td>Cơ Lao </td></tr><tr><td style="white-space:nowrap">48<a name="cs-vn-ethnicity-48"> </a></td><td>Cống </td></tr><tr><td style="white-space:nowrap">49<a name="cs-vn-ethnicity-49"> </a></td><td>Bố Y </td></tr><tr><td style="white-space:nowrap">50<a name="cs-vn-ethnicity-50"> </a></td><td>Si La </td></tr><tr><td style="white-space:nowrap">51<a name="cs-vn-ethnicity-51"> </a></td><td>Pu Péo </td></tr><tr><td style="white-space:nowrap">52<a name="cs-vn-ethnicity-52"> </a></td><td>Brâu </td></tr><tr><td style="white-space:nowrap">53<a name="cs-vn-ethnicity-53"> </a></td><td>Ơ Đu </td></tr><tr><td style="white-space:nowrap">54<a name="cs-vn-ethnicity-54"> </a></td><td>Rơ-măm </td></tr><tr><td style="white-space:nowrap">55<a name="cs-vn-ethnicity-55"> </a></td><td>Người nước ngoài </td></tr><tr><td style="white-space:nowrap">0<a name="cs-vn-ethnicity-0"> </a></td><td>Không rõ </td></tr></table></div>
  </text>
  <url value="http://openhie.org/fhir/openhie.vn.case-reporting.hiv/CodeSystem/cs-vn-ethnicity"/>
  <version value="0.1.0-test"/>
  <name value="CSVietnamEthnicity"/>
  <title value="CodeSystem Vietnam Ethnicity"/>
  <status value="active"/>
  <date value="2021-06-15T07:52:20+00:00"/>
  <publisher value="OpenHIE"/>
  <contact>
    <telecom>
      <system value="url"/>
      <value value="http://ohie.org"/>
    </telecom>
  </contact>
  <description value="CodeSystem of Vietnam included  54 ethnic groups in Vietnam recognized by the Vietnamese government"/>
  <jurisdiction>
    <coding>
      <system value="http://unstats.un.org/unsd/methods/m49/m49.htm"/>
      <code value="001"/>
    </coding>
  </jurisdiction>
  <content value="complete"/>
  <count value="56"/>
  <concept>
    <code value="1"/>
    <display value="Kinh "/>
  </concept>
  <concept>
    <code value="2"/>
    <display value="T&#xE0;y "/>
  </concept>
  <concept>
    <code value="3"/>
    <display value="Th&#xE1;i "/>
  </concept>
  <concept>
    <code value="4"/>
    <display value="Hoa "/>
  </concept>
  <concept>
    <code value="5"/>
    <display value="Kh&#x1A1;-me "/>
  </concept>
  <concept>
    <code value="6"/>
    <display value="M&#x1B0;&#x1EDD;ng "/>
  </concept>
  <concept>
    <code value="7"/>
    <display value="N&#xF9;ng "/>
  </concept>
  <concept>
    <code value="8"/>
    <display value="Hm&#xF4;ng "/>
  </concept>
  <concept>
    <code value="9"/>
    <display value="Dao "/>
  </concept>
  <concept>
    <code value="10"/>
    <display value="Gia-rai "/>
  </concept>
  <concept>
    <code value="11"/>
    <display value="Ng&#xE1;i "/>
  </concept>
  <concept>
    <code value="12"/>
    <display value="&#xCA;-&#x111;&#xEA; "/>
  </concept>
  <concept>
    <code value="13"/>
    <display value="Ba-na "/>
  </concept>
  <concept>
    <code value="14"/>
    <display value="X&#x1A1;-&#x111;&#x103;ng "/>
  </concept>
  <concept>
    <code value="15"/>
    <display value="S&#xE1;n Chay "/>
  </concept>
  <concept>
    <code value="16"/>
    <display value="C&#x1A1;-ho "/>
  </concept>
  <concept>
    <code value="17"/>
    <display value="Ch&#x103;m "/>
  </concept>
  <concept>
    <code value="18"/>
    <display value="S&#xE1;n D&#xEC;u "/>
  </concept>
  <concept>
    <code value="19"/>
    <display value="Hr&#xEA; "/>
  </concept>
  <concept>
    <code value="20"/>
    <display value="Mn&#xF4;ng "/>
  </concept>
  <concept>
    <code value="21"/>
    <display value="Ra-glai "/>
  </concept>
  <concept>
    <code value="22"/>
    <display value="Xti&#xEA;ng "/>
  </concept>
  <concept>
    <code value="23"/>
    <display value="Bru-V&#xE2;n Ki&#x1EC1;u "/>
  </concept>
  <concept>
    <code value="24"/>
    <display value="Th&#x1ED5; "/>
  </concept>
  <concept>
    <code value="25"/>
    <display value="Gi&#xE1;y "/>
  </concept>
  <concept>
    <code value="26"/>
    <display value="C&#x1A1;-tu "/>
  </concept>
  <concept>
    <code value="27"/>
    <display value="Gi&#xE9;-Tri&#xEA;ng "/>
  </concept>
  <concept>
    <code value="28"/>
    <display value="M&#x1EA1; "/>
  </concept>
  <concept>
    <code value="29"/>
    <display value="Kh&#x1A1;-m&#xFA; "/>
  </concept>
  <concept>
    <code value="30"/>
    <display value="Co "/>
  </concept>
  <concept>
    <code value="31"/>
    <display value="Ta-&#xF4;i "/>
  </concept>
  <concept>
    <code value="32"/>
    <display value="Ch&#x1A1;-ro "/>
  </concept>
  <concept>
    <code value="33"/>
    <display value="Kh&#xE1;ng "/>
  </concept>
  <concept>
    <code value="34"/>
    <display value="Xinh-mun "/>
  </concept>
  <concept>
    <code value="35"/>
    <display value="H&#xE0; Nh&#xEC; "/>
  </concept>
  <concept>
    <code value="36"/>
    <display value="Chu-ru "/>
  </concept>
  <concept>
    <code value="37"/>
    <display value="L&#xE0;o "/>
  </concept>
  <concept>
    <code value="38"/>
    <display value="La Chi "/>
  </concept>
  <concept>
    <code value="39"/>
    <display value="La Ha "/>
  </concept>
  <concept>
    <code value="40"/>
    <display value="Ph&#xF9; L&#xE1; "/>
  </concept>
  <concept>
    <code value="41"/>
    <display value="La H&#x1EE7; "/>
  </concept>
  <concept>
    <code value="42"/>
    <display value="L&#x1EF1; "/>
  </concept>
  <concept>
    <code value="43"/>
    <display value="L&#xF4; L&#xF4; "/>
  </concept>
  <concept>
    <code value="44"/>
    <display value="Ch&#x1EE9;t "/>
  </concept>
  <concept>
    <code value="45"/>
    <display value="M&#x1EA3;ng "/>
  </concept>
  <concept>
    <code value="46"/>
    <display value="P&#xE0; Th&#x1EBB;n "/>
  </concept>
  <concept>
    <code value="47"/>
    <display value="C&#x1A1; Lao "/>
  </concept>
  <concept>
    <code value="48"/>
    <display value="C&#x1ED1;ng "/>
  </concept>
  <concept>
    <code value="49"/>
    <display value="B&#x1ED1; Y "/>
  </concept>
  <concept>
    <code value="50"/>
    <display value="Si La "/>
  </concept>
  <concept>
    <code value="51"/>
    <display value="Pu P&#xE9;o "/>
  </concept>
  <concept>
    <code value="52"/>
    <display value="Br&#xE2;u "/>
  </concept>
  <concept>
    <code value="53"/>
    <display value="&#x1A0; &#x110;u "/>
  </concept>
  <concept>
    <code value="54"/>
    <display value="R&#x1A1;-m&#x103;m "/>
  </concept>
  <concept>
    <code value="55"/>
    <display value="Ng&#x1B0;&#x1EDD;i n&#x1B0;&#x1EDB;c ngo&#xE0;i "/>
  </concept>
  <concept>
    <code value="0"/>
    <display value="Kh&#xF4;ng r&#xF5; "/>
  </concept>
</CodeSystem>