<?xml version="1.0" encoding="UTF-8"?>

<CodeSystem xmlns="http://hl7.org/fhir">
  <id value="cs-hiv-population"/>
  <text>
    <status value="generated"/><div xmlns="http://www.w3.org/1999/xhtml"><p>This code system http://openhie.org/fhir/openhie.vn.case-reporting.hiv/CodeSystem/cs-hiv-population defines the following codes:</p><table class="codes"><tr><td style="white-space:nowrap"><b>Code</b></td><td><b>Display</b></td><td><b>Definition</b></td></tr><tr><td style="white-space:nowrap">1<a name="cs-hiv-population-1"> </a></td><td>Người tiêm chích ma túy</td><td>Injecting drug users</td></tr><tr><td style="white-space:nowrap">2<a name="cs-hiv-population-2"> </a></td><td>Nữ bán dâm</td><td>Female sex workers</td></tr><tr><td style="white-space:nowrap">3<a name="cs-hiv-population-3"> </a></td><td>Mang thai</td><td>Pregnant women</td></tr><tr><td style="white-space:nowrap">4<a name="cs-hiv-population-4"> </a></td><td>Người hiến máu tình nguyện</td><td>Blood donors</td></tr><tr><td style="white-space:nowrap">5<a name="cs-hiv-population-5"> </a></td><td>Bệnh nhân lao</td><td>TB patients</td></tr><tr><td style="white-space:nowrap">6<a name="cs-hiv-population-6"> </a></td><td>Người mắc nhiễm trùng lây qua đường tình dục</td><td>People with sexually transmitted diseases</td></tr><tr><td style="white-space:nowrap">7<a name="cs-hiv-population-7"> </a></td><td>Thanh niên khám tuyển nghĩa vụ quân sự</td><td>Young recruits for military service</td></tr><tr><td style="white-space:nowrap">8<a name="cs-hiv-population-8"> </a></td><td>Quan hệ tình dục đồng giới nam</td><td>Men who have sex with men</td></tr><tr><td style="white-space:nowrap">9<a name="cs-hiv-population-9"> </a></td><td>Không rõ</td><td>Unidentified</td></tr></table></div>
  </text>
  <url value="http://openhie.org/fhir/openhie.vn.case-reporting.hiv/CodeSystem/cs-hiv-population"/>
  <version value="0.1.0-test"/>
  <name value="CSHIVRiskPopulation"/>
  <title value="Population groups"/>
  <status value="active"/>
  <date value="2021-06-15T07:57:49+00:00"/>
  <publisher value="OpenHIE"/>
  <contact>
    <telecom>
      <system value="url"/>
      <value value="http://ohie.org"/>
    </telecom>
  </contact>
  <description value="CodeSystem - Population groups - Subjects to be tested for HIV"/>
  <jurisdiction>
    <coding>
      <system value="http://unstats.un.org/unsd/methods/m49/m49.htm"/>
      <code value="001"/>
    </coding>
  </jurisdiction>
  <content value="complete"/>
  <count value="9"/>
  <concept>
    <code value="1"/>
    <display value="Ng&#x1B0;&#x1EDD;i ti&#xEA;m ch&#xED;ch ma t&#xFA;y"/>
    <definition value="Injecting drug users"/>
  </concept>
  <concept>
    <code value="2"/>
    <display value="N&#x1EEF; b&#xE1;n d&#xE2;m"/>
    <definition value="Female sex workers"/>
  </concept>
  <concept>
    <code value="3"/>
    <display value="Mang thai"/>
    <definition value="Pregnant women"/>
  </concept>
  <concept>
    <code value="4"/>
    <display value="Ng&#x1B0;&#x1EDD;i hi&#x1EBF;n m&#xE1;u t&#xEC;nh nguy&#x1EC7;n"/>
    <definition value="Blood donors"/>
  </concept>
  <concept>
    <code value="5"/>
    <display value="B&#x1EC7;nh nh&#xE2;n lao"/>
    <definition value="TB patients"/>
  </concept>
  <concept>
    <code value="6"/>
    <display value="Ng&#x1B0;&#x1EDD;i m&#x1EAF;c nhi&#x1EC5;m tr&#xF9;ng l&#xE2;y qua &#x111;&#x1B0;&#x1EDD;ng t&#xEC;nh d&#x1EE5;c"/>
    <definition value="People with sexually transmitted diseases"/>
  </concept>
  <concept>
    <code value="7"/>
    <display value="Thanh ni&#xEA;n kh&#xE1;m tuy&#x1EC3;n ngh&#x129;a v&#x1EE5; qu&#xE2;n s&#x1EF1;"/>
    <definition value="Young recruits for military service"/>
  </concept>
  <concept>
    <code value="8"/>
    <display value="Quan h&#x1EC7; t&#xEC;nh d&#x1EE5;c &#x111;&#x1ED3;ng gi&#x1EDB;i nam"/>
    <definition value="Men who have sex with men"/>
  </concept>
  <concept>
    <code value="9"/>
    <display value="Kh&#xF4;ng r&#xF5;"/>
    <definition value="Unidentified"/>
  </concept>
</CodeSystem>