<?xml version="1.0" encoding="UTF-8"?>

<CodeSystem xmlns="http://hl7.org/fhir">
  <id value="cs-viralload-indications"/>
  <text>
    <status value="generated"/><div xmlns="http://www.w3.org/1999/xhtml"><p>This code system http://openhie.org/fhir/openhie.vn.case-reporting.hiv/CodeSystem/cs-viralload-indications defines the following codes:</p><table class="codes"><tr><td style="white-space:nowrap"><b>Code</b></td><td><b>Display</b></td><td><b>Definition</b></td></tr><tr><td style="white-space:nowrap">1<a name="cs-viralload-indications-1"> </a></td><td>At 6 months after ARV</td><td>At 6 months after ARV</td></tr><tr><td style="white-space:nowrap">2<a name="cs-viralload-indications-2"> </a></td><td>At 12 months months after ARV</td><td>At 12 months months after ARV</td></tr><tr><td style="white-space:nowrap">3<a name="cs-viralload-indications-3"> </a></td><td>Every 12 </td><td>Every 12 </td></tr><tr><td style="white-space:nowrap">4<a name="cs-viralload-indications-4"> </a></td><td>Suspect treatment failure</td><td>Suspect treatment failure</td></tr><tr><td style="white-space:nowrap">5<a name="cs-viralload-indications-5"> </a></td><td>pregnant / lactating women</td><td>pregnant / lactating women</td></tr></table></div>
  </text>
  <url value="http://openhie.org/fhir/openhie.vn.case-reporting.hiv/CodeSystem/cs-viralload-indications"/>
  <version value="0.1.0-test"/>
  <name value="CSIndications"/>
  <title value="Viralload Indications"/>
  <status value="active"/>
  <date value="2021-06-17T09:32:08+00:00"/>
  <publisher value="OpenHIE"/>
  <contact>
    <telecom>
      <system value="url"/>
      <value value="http://ohie.org"/>
    </telecom>
  </contact>
  <description value="CodeSystem - Indications"/>
  <jurisdiction>
    <coding>
      <system value="http://unstats.un.org/unsd/methods/m49/m49.htm"/>
      <code value="001"/>
    </coding>
  </jurisdiction>
  <content value="complete"/>
  <count value="5"/>
  <concept>
    <code value="1"/>
    <display value="At 6 months after ARV"/>
    <definition value="At 6 months after ARV"/>
  </concept>
  <concept>
    <code value="2"/>
    <display value="At 12 months months after ARV"/>
    <definition value="At 12 months months after ARV"/>
  </concept>
  <concept>
    <code value="3"/>
    <display value="Every 12 "/>
    <definition value="Every 12 "/>
  </concept>
  <concept>
    <code value="4"/>
    <display value="Suspect treatment failure"/>
    <definition value="Suspect treatment failure"/>
  </concept>
  <concept>
    <code value="5"/>
    <display value="pregnant / lactating women"/>
    <definition value="pregnant / lactating women"/>
  </concept>
</CodeSystem>