<?xml version="1.0" encoding="UTF-8"?>

<CodeSystem xmlns="http://hl7.org/fhir">
  <id value="cs-regimen-change-reason"/>
  <text>
    <status value="generated"/><div xmlns="http://www.w3.org/1999/xhtml"><p>This code system http://openhie.org/fhir/openhie.vn.case-reporting.hiv/CodeSystem/cs-regimen-change-reason defines the following codes:</p><table class="codes"><tr><td style="white-space:nowrap"><b>Code</b></td><td><b>Display</b></td></tr><tr><td style="white-space:nowrap">drug-unavailable<a name="cs-regimen-change-reason-drug-unavailable"> </a></td><td>Drug unavailable</td></tr><tr><td style="white-space:nowrap">drug-sideeffects<a name="cs-regimen-change-reason-drug-sideeffects"> </a></td><td>Side effects</td></tr><tr><td style="white-space:nowrap">treatment-failure<a name="cs-regimen-change-reason-treatment-failure"> </a></td><td>Treatment failure</td></tr><tr><td style="white-space:nowrap">drug-interaction<a name="cs-regimen-change-reason-drug-interaction"> </a></td><td>Drug interaction</td></tr><tr><td style="white-space:nowrap">new-guidance<a name="cs-regimen-change-reason-new-guidance"> </a></td><td>New regimen as national guidance</td></tr></table></div>
  </text>
  <url value="http://openhie.org/fhir/openhie.vn.case-reporting.hiv/CodeSystem/cs-regimen-change-reason"/>
  <version value="0.1.0-test"/>
  <name value="CSRegimenChangeReason"/>
  <title value="Reason for regimen change"/>
  <status value="active"/>
  <date value="2021-06-17T11:47:26+00:00"/>
  <publisher value="OpenHIE"/>
  <contact>
    <telecom>
      <system value="url"/>
      <value value="http://ohie.org"/>
    </telecom>
  </contact>
  <description value="Reason for regimen change"/>
  <jurisdiction>
    <coding>
      <system value="http://unstats.un.org/unsd/methods/m49/m49.htm"/>
      <code value="001"/>
    </coding>
  </jurisdiction>
  <content value="complete"/>
  <count value="5"/>
  <concept>
    <code value="drug-unavailable"/>
    <display value="Drug unavailable"/>
  </concept>
  <concept>
    <code value="drug-sideeffects"/>
    <display value="Side effects"/>
  </concept>
  <concept>
    <code value="treatment-failure"/>
    <display value="Treatment failure"/>
  </concept>
  <concept>
    <code value="drug-interaction"/>
    <display value="Drug interaction"/>
  </concept>
  <concept>
    <code value="new-guidance"/>
    <display value="New regimen as national guidance"/>
  </concept>
</CodeSystem>