{
  "resourceType": "CodeSystem",
  "id": "cs-viralload-group",
  "text": {
    "status": "generated",
    "div": "<div xmlns=\"http://www.w3.org/1999/xhtml\"><p>This code system http://openhie.org/fhir/openhie.vn.case-reporting.hiv/CodeSystem/cs-viralload-group defines the following codes:</p><table class=\"codes\"><tr><td style=\"white-space:nowrap\"><b>Code</b></td><td><b>Display</b></td><td><b>Definition</b></td></tr><tr><td style=\"white-space:nowrap\">1<a name=\"cs-viralload-group-1\"> </a></td><td>0-200</td><td>From 0 to 200</td></tr><tr><td style=\"white-space:nowrap\">2<a name=\"cs-viralload-group-2\"> </a></td><td>200-1000</td><td>From 200 to 1000</td></tr><tr><td style=\"white-space:nowrap\">3<a name=\"cs-viralload-group-3\"> </a></td><td>1000-</td><td>Large than 100</td></tr></table></div>"
  },
  "url": "http://openhie.org/fhir/openhie.vn.case-reporting.hiv/CodeSystem/cs-viralload-group",
  "version": "0.1.0-test",
  "name": "CSViralLoadGroup",
  "title": "Viral Load group",
  "status": "active",
  "date": "2021-08-01T17:22:19+00:00",
  "publisher": "OpenHIE",
  "contact": [
    {
      "telecom": [
        {
          "system": "url",
          "value": "http://ohie.org"
        }
      ]
    }
  ],
  "description": "Codesystem - Viral Load group",
  "jurisdiction": [
    {
      "coding": [
        {
          "system": "http://unstats.un.org/unsd/methods/m49/m49.htm",
          "code": "001"
        }
      ]
    }
  ],
  "content": "complete",
  "count": 3,
  "concept": [
    {
      "code": "1",
      "display": "0-200",
      "definition": "From 0 to 200"
    },
    {
      "code": "2",
      "display": "200-1000",
      "definition": "From 200 to 1000"
    },
    {
      "code": "3",
      "display": "1000-",
      "definition": "Large than 100"
    }
  ]
}