<?xml version="1.0" encoding="UTF-8"?><CodeSystem xmlns="http://hl7.org/fhir"><id value="cs-gender"/><text><status value="generated"/><div xmlns="http://www.w3.org/1999/xhtml"><p>This code system http://openhie.org/fhir/openhie.vn.case-reporting.hiv/CodeSystem/cs-gender defines the following codes:</p><table class="codes"><tr><td style="white-space:nowrap"><b>Code</b></td><td><b>Display</b></td><td><b>Definition</b></td></tr><tr><td style="white-space:nowrap">male<a name="cs-gender-male"> </a></td><td>Male</td><td>Client identifies as male</td></tr><tr><td style="white-space:nowrap">female<a name="cs-gender-female"> </a></td><td>Female</td><td>Client identifies as female</td></tr><tr><td style="white-space:nowrap">other<a name="cs-gender-other"> </a></td><td>other</td><td>Client has another gender identity</td></tr><tr><td style="white-space:nowrap">unknown<a name="cs-gender-unknown"> </a></td><td>unknown</td><td>Gender is unknown</td></tr></table><p><b>Additional Language Displays</b></p><table class="codes"><tr><td><b>Code</b></td><td><b>vi</b></td></tr><tr><td>male</td><td>Nam</td></tr><tr><td>female</td><td>Nữ</td></tr><tr><td>other</td><td>Khác</td></tr><tr><td>unknown</td><td>Không rõ</td></tr></table></div></text><url value="http://openhie.org/fhir/openhie.vn.case-reporting.hiv/CodeSystem/cs-gender"/><version value="0.1.0-test"/><name value="Gender"/><status value="draft"/><date value="2021-06-30T04:48:23+00:00"/><publisher value="OpenHIE"/><contact><telecom><system value="url"/><value value="http://ohie.org"/></telecom></contact><jurisdiction><coding><system value="http://unstats.un.org/unsd/methods/m49/m49.htm"/><code value="001"/></coding></jurisdiction><content value="complete"/><concept><code value="male"/><display value="Male"/><definition value="Client identifies as male"/><designation><language value="vi-VN"/><value value="Nam"/></designation></concept><concept><code value="female"/><display value="Female"/><definition value="Client identifies as female"/><designation><language value="vi-VN"/><value value="N&#x1EEF;"/></designation></concept><concept><code value="other"/><display value="other"/><definition value="Client has another gender identity"/><designation><language value="vi-VN"/><value value="Kh&#xE1;c"/></designation></concept><concept><code value="unknown"/><display value="unknown"/><definition value="Gender is unknown"/><designation><language value="vi-VN"/><value value="Kh&#xF4;ng r&#xF5;"/></designation></concept></CodeSystem>