<?xml version="1.0" encoding="UTF-8"?><ValueSet xmlns="http://hl7.org/fhir"><id value="vs-recency-rita"/><text><status value="generated"/><div xmlns="http://www.w3.org/1999/xhtml"><ul><li>Include these codes as defined in <a href="CodeSystem-cs-recency-result.html"><code>http://openhie.org/fhir/openhie.vn.case-reporting.hiv/CodeSystem/cs-recency-result</code></a><table class="none"><tr><td style="white-space:nowrap"><b>Code</b></td><td><b>Display</b></td></tr><tr><td><a href="CodeSystem-cs-recency-result.html#cs-recency-result-newInfection">newInfection</a></td><td>New Infection</td></tr><tr><td><a href="CodeSystem-cs-recency-result.html#cs-recency-result-infection">infection</a></td><td>Infection</td></tr></table></li></ul></div></text><url value="http://openhie.org/fhir/openhie.vn.case-reporting.hiv/ValueSet/vs-recency-rita"/><version value="0.1.0-test"/><name value="VSRecencyRITAResult"/><title value="Recency RITA result"/><status value="active"/><date value="2021-06-30T04:48:23+00:00"/><publisher value="OpenHIE"/><contact><telecom><system value="url"/><value value="http://ohie.org"/></telecom></contact><description value="Valueset - Recency RITA result"/><jurisdiction><coding><system value="http://unstats.un.org/unsd/methods/m49/m49.htm"/><code value="001"/></coding></jurisdiction><compose><include><system value="http://openhie.org/fhir/openhie.vn.case-reporting.hiv/CodeSystem/cs-recency-result"/><concept><code value="newInfection"/></concept><concept><code value="infection"/></concept></include></compose></ValueSet>