<?xml version="1.0" encoding="UTF-8"?><CodeSystem xmlns="http://hl7.org/fhir"><id value="cs-vn-regimenlevel"/><text><status value="generated"/><div xmlns="http://www.w3.org/1999/xhtml"><p>This code system http://openhie.org/fhir/openhie.vn.case-reporting.hiv/CodeSystem/cs-vn-regimenlevel defines the following codes:</p><table class="codes"><tr><td style="white-space:nowrap"><b>Code</b></td><td><b>Display</b></td></tr><tr><td style="white-space:nowrap">lvl1<a name="cs-vn-regimenlevel-lvl1"> </a></td><td>Level 1</td></tr><tr><td style="white-space:nowrap">lvl2<a name="cs-vn-regimenlevel-lvl2"> </a></td><td>Level 2</td></tr><tr><td style="white-space:nowrap">lvl3<a name="cs-vn-regimenlevel-lvl3"> </a></td><td>Level 3</td></tr></table></div></text><url value="http://openhie.org/fhir/openhie.vn.case-reporting.hiv/CodeSystem/cs-vn-regimenlevel"/><version value="0.1.0-test"/><name value="CSRegimenLevel"/><title value="CodeSystem Vietnam HIV Regimen Level "/><status value="active"/><date value="2021-06-17T11:47:26+00:00"/><publisher value="OpenHIE"/><contact><telecom><system value="url"/><value value="http://ohie.org"/></telecom></contact><description value="CodeSystem - Vietnam HIV Regimen Level"/><jurisdiction><coding><system value="http://unstats.un.org/unsd/methods/m49/m49.htm"/><code value="001"/></coding></jurisdiction><content value="complete"/><count value="3"/><concept><code value="lvl1"/><display value="Level 1"/></concept><concept><code value="lvl2"/><display value="Level 2"/></concept><concept><code value="lvl3"/><display value="Level 3"/></concept></CodeSystem>