<?xml version="1.0" encoding="UTF-8"?><CodeSystem xmlns="http://hl7.org/fhir"><id value="cs-hiv-birthdefects"/><text><status value="generated"/><div xmlns="http://www.w3.org/1999/xhtml"><p>This code system http://openhie.org/fhir/openhie.vn.case-reporting.hiv/CodeSystem/cs-hiv-birthdefects defines the following codes:</p><table class="codes"><tr><td style="white-space:nowrap"><b>Code</b></td><td><b>Display</b></td></tr><tr><td style="white-space:nowrap">positive<a name="cs-hiv-birthdefects-positive"> </a></td><td>Positive</td></tr><tr><td style="white-space:nowrap">negative<a name="cs-hiv-birthdefects-negative"> </a></td><td>Negative</td></tr><tr><td style="white-space:nowrap">unidentified<a name="cs-hiv-birthdefects-unidentified"> </a></td><td>Unidentified</td></tr><tr><td style="white-space:nowrap">unknown<a name="cs-hiv-birthdefects-unknown"> </a></td><td>Unknown</td></tr></table></div></text><url value="http://openhie.org/fhir/openhie.vn.case-reporting.hiv/CodeSystem/cs-hiv-birthdefects"/><version value="0.1.0-test"/><name value="CSBirthDefects"/><title value="Codesystem Birth Defects"/><status value="active"/><date value="2021-08-23T21:28:01+00:00"/><publisher value="OpenHIE"/><contact><telecom><system value="url"/><value value="http://ohie.org"/></telecom></contact><description value="CodeSystem - Birth Defects"/><jurisdiction><coding><system value="http://unstats.un.org/unsd/methods/m49/m49.htm"/><code value="001"/></coding></jurisdiction><content value="complete"/><count value="4"/><concept><code value="positive"/><display value="Positive"/></concept><concept><code value="negative"/><display value="Negative"/></concept><concept><code value="unidentified"/><display value="Unidentified"/></concept><concept><code value="unknown"/><display value="Unknown"/></concept></CodeSystem>