<?xml version="1.0" encoding="UTF-8"?><CodeSystem xmlns="http://hl7.org/fhir"><id value="RecencyRITAresult"/><text><status value="generated"/><div xmlns="http://www.w3.org/1999/xhtml"><p>This code system http://openhie.org/fhir/openhie.vn.case-reporting.hiv/CodeSystem/RecencyRITAresult defines the following codes:</p><table class="codes"><tr><td style="white-space:nowrap"><b>Code</b></td><td><b>Display</b></td><td><b>Definition</b></td></tr><tr><td style="white-space:nowrap">newInfection<a name="RecencyRITAresult-newInfection"> </a></td><td>newInfection</td><td>New Infection</td></tr><tr><td style="white-space:nowrap">infection<a name="RecencyRITAresult-infection"> </a></td><td>infection</td><td>Infection</td></tr><tr><td style="white-space:nowrap">noInfection<a name="RecencyRITAresult-noInfection"> </a></td><td>noInfection</td><td>Not Infection</td></tr></table></div></text><url value="http://openhie.org/fhir/openhie.vn.case-reporting.hiv/CodeSystem/RecencyRITAresult"/><version value="0.1.0-test"/><name value="RecencyRITAresult"/><title value="Recency RITA result"/><status value="active"/><date value="2022-03-04T08:28:51+00:00"/><publisher value="OpenHIE"/><contact><telecom><system value="url"/><value value="http://ohie.org"/></telecom></contact><description value="CodeSystem - Recency result"/><jurisdiction><coding><system value="http://unstats.un.org/unsd/methods/m49/m49.htm"/><code value="001"/></coding></jurisdiction><content value="complete"/><count value="3"/><concept><code value="newInfection"/><display value="newInfection"/><definition value="New Infection"/></concept><concept><code value="infection"/><display value="infection"/><definition value="Infection"/></concept><concept><code value="noInfection"/><display value="noInfection"/><definition value="Not Infection"/></concept></CodeSystem>