<?xml version="1.0" encoding="UTF-8"?>

<CodeSystem xmlns="http://hl7.org/fhir">
  <id value="cs-hiv-transmission-route"/>
  <text>
    <status value="generated"/><div xmlns="http://www.w3.org/1999/xhtml"><p>This code system http://openhie.org/fhir/openhie.vn.case-reporting.hiv/CodeSystem/cs-hiv-transmission-route defines the following codes:</p><table class="codes"><tr><td style="white-space:nowrap"><b>Code</b></td><td><b>Display</b></td><td><b>Definition</b></td></tr><tr><td style="white-space:nowrap">312425004<a name="cs-hiv-transmission-route-312425004"> </a></td><td>Lây qua đường máu</td><td>Blood</td></tr><tr><td style="white-space:nowrap">226034001<a name="cs-hiv-transmission-route-226034001"> </a></td><td>Lây qua đường tiêm chích ma túy</td><td>Drug injection</td></tr><tr><td style="white-space:nowrap">250373003<a name="cs-hiv-transmission-route-250373003"> </a></td><td>Truyền máu</td><td>Blood transfusion finding</td></tr><tr><td style="white-space:nowrap">53348004<a name="cs-hiv-transmission-route-53348004"> </a></td><td>Tai nạn nghề nghiệp</td><td>Accidental </td></tr><tr><td style="white-space:nowrap">417564009<a name="cs-hiv-transmission-route-417564009"> </a></td><td>Lây qua đường tình dục</td><td>Sexual Transmission</td></tr><tr><td style="white-space:nowrap">38628009<a name="cs-hiv-transmission-route-38628009"> </a></td><td>Tình dục đồng giới</td><td>Homosexual (finding)</td></tr><tr><td style="white-space:nowrap">20430005<a name="cs-hiv-transmission-route-20430005"> </a></td><td>Tình dục khác giới</td><td>Heterosexual (finding)</td></tr><tr><td style="white-space:nowrap">438998000<a name="cs-hiv-transmission-route-438998000"> </a></td><td>Mẹ truyền sang con</td><td>Mother to Child Transmission</td></tr><tr><td style="white-space:nowrap">69910005<a name="cs-hiv-transmission-route-69910005"> </a></td><td>Không rõ</td><td>Unidentified</td></tr></table></div>
  </text>
  <url value="http://openhie.org/fhir/openhie.vn.case-reporting.hiv/CodeSystem/cs-hiv-transmission-route"/>
  <version value="0.1.0-test"/>
  <name value="CSHIVTransmissionRoute"/>
  <title value="HIV Transmission Route"/>
  <status value="active"/>
  <date value="2021-06-16T12:49:47+00:00"/>
  <publisher value="OpenHIE"/>
  <contact>
    <telecom>
      <system value="url"/>
      <value value="http://ohie.org"/>
    </telecom>
  </contact>
  <description value="CodeSystem - Route of HIV transmission"/>
  <jurisdiction>
    <coding>
      <system value="http://unstats.un.org/unsd/methods/m49/m49.htm"/>
      <code value="001"/>
    </coding>
  </jurisdiction>
  <content value="complete"/>
  <count value="9"/>
  <concept>
    <code value="312425004"/>
    <display value="L&#xE2;y qua &#x111;&#x1B0;&#x1EDD;ng m&#xE1;u"/>
    <definition value="Blood"/>
  </concept>
  <concept>
    <code value="226034001"/>
    <display value="L&#xE2;y qua &#x111;&#x1B0;&#x1EDD;ng ti&#xEA;m ch&#xED;ch ma t&#xFA;y"/>
    <definition value="Drug injection"/>
  </concept>
  <concept>
    <code value="250373003"/>
    <display value="Truy&#x1EC1;n m&#xE1;u"/>
    <definition value="Blood transfusion finding"/>
  </concept>
  <concept>
    <code value="53348004"/>
    <display value="Tai n&#x1EA1;n ngh&#x1EC1; nghi&#x1EC7;p"/>
    <definition value="Accidental "/>
  </concept>
  <concept>
    <code value="417564009"/>
    <display value="L&#xE2;y qua &#x111;&#x1B0;&#x1EDD;ng t&#xEC;nh d&#x1EE5;c"/>
    <definition value="Sexual Transmission"/>
  </concept>
  <concept>
    <code value="38628009"/>
    <display value="T&#xEC;nh d&#x1EE5;c &#x111;&#x1ED3;ng gi&#x1EDB;i"/>
    <definition value="Homosexual (finding)"/>
  </concept>
  <concept>
    <code value="20430005"/>
    <display value="T&#xEC;nh d&#x1EE5;c kh&#xE1;c gi&#x1EDB;i"/>
    <definition value="Heterosexual (finding)"/>
  </concept>
  <concept>
    <code value="438998000"/>
    <display value="M&#x1EB9; truy&#x1EC1;n sang con"/>
    <definition value="Mother to Child Transmission"/>
  </concept>
  <concept>
    <code value="69910005"/>
    <display value="Kh&#xF4;ng r&#xF5;"/>
    <definition value="Unidentified"/>
  </concept>
</CodeSystem>