<?xml version="1.0" encoding="UTF-8"?>

<ValueSet xmlns="http://hl7.org/fhir">
  <id value="vs-hiv-occupation"/>
  <text>
    <status value="generated"/><div xmlns="http://www.w3.org/1999/xhtml"><p>This value set includes codes based on the following rules:</p><ul><li>Include these codes as defined in <a href="http://www.snomed.org/"><code>http://snomed.info/sct</code></a><table class="none"><tr><td style="white-space:nowrap"><b>Code</b></td><td><b>Display</b></td><td><b>vi</b></td></tr><tr><td><a href="http://browser.ihtsdotools.org/?perspective=full&amp;conceptId1=310892005">310892005</a></td><td>Army personnel</td><td>Cán bộ - chiến sỹ thuộc lực lượng vũ trang nhân dân</td></tr></table></li><li>Include these codes as defined in <a href="http://www.snomed.org/"><code>http://snomed.info/sct</code></a><table class="none"><tr><td style="white-space:nowrap"><b>Code</b></td><td><b>Display</b></td><td><b>vi</b></td></tr><tr><td><a href="http://browser.ihtsdotools.org/?perspective=full&amp;conceptId1=413327003">413327003</a></td><td>Student full time education</td><td>Học sinh-sinh viên</td></tr></table></li><li>Include these codes as defined in <a href="http://www.snomed.org/"><code>http://snomed.info/sct</code></a><table class="none"><tr><td style="white-space:nowrap"><b>Code</b></td><td><b>Display</b></td><td><b>vi</b></td></tr><tr><td><a href="http://browser.ihtsdotools.org/?perspective=full&amp;conceptId1=73438004">73438004</a></td><td>Out of work</td><td>Thất nghiệp</td></tr></table></li><li>Include these codes as defined in <a href="http://www.snomed.org/"><code>http://snomed.info/sct</code></a><table class="none"><tr><td style="white-space:nowrap"><b>Code</b></td><td><b>Display</b></td><td><b>vi</b></td></tr><tr><td><a href="http://browser.ihtsdotools.org/?perspective=full&amp;conceptId1=106388008">106388008</a></td><td>Farmer</td><td>Người làm nông nghiệp</td></tr></table></li><li>Include these codes as defined in <a href="http://www.snomed.org/"><code>http://snomed.info/sct</code></a><table class="none"><tr><td style="white-space:nowrap"><b>Code</b></td><td><b>Display</b></td><td><b>vi</b></td></tr><tr><td><a href="http://browser.ihtsdotools.org/?perspective=full&amp;conceptId1=106538001">106538001</a></td><td>Car driver</td><td>Lái xe</td></tr></table></li><li>Include these codes as defined in <a href="http://www.snomed.org/"><code>http://snomed.info/sct</code></a><table class="none"><tr><td style="white-space:nowrap"><b>Code</b></td><td><b>Display</b></td><td><b>vi</b></td></tr><tr><td><a href="http://browser.ihtsdotools.org/?perspective=full&amp;conceptId1=106400003">106400003</a></td><td>Fishermen</td><td>Ngư dân</td></tr></table></li><li>Include these codes as defined in <a href="http://www.snomed.org/"><code>http://snomed.info/sct</code></a><table class="none"><tr><td style="white-space:nowrap"><b>Code</b></td><td><b>Display</b></td><td><b>vi</b></td></tr><tr><td><a href="http://browser.ihtsdotools.org/?perspective=full&amp;conceptId1=106541005">106541005</a></td><td>Social worker general</td><td>Công nhân</td></tr></table></li><li>Include these codes as defined in <a href="http://www.snomed.org/"><code>http://snomed.info/sct</code></a><table class="none"><tr><td style="white-space:nowrap"><b>Code</b></td><td><b>Display</b></td><td><b>vi</b></td></tr><tr><td><a href="http://browser.ihtsdotools.org/?perspective=full&amp;conceptId1=184119001">184119001</a></td><td>Patient occupation unknown</td><td>Nghề khác</td></tr></table></li><li>Include these codes as defined in <a href="http://www.snomed.org/"><code>http://snomed.info/sct</code></a><table class="none"><tr><td style="white-space:nowrap"><b>Code</b></td><td><b>Display</b></td><td><b>vi</b></td></tr><tr><td><a href="http://browser.ihtsdotools.org/?perspective=full&amp;conceptId1=449344001">449344001</a></td><td>Sex worker</td><td>Nghề bán dâm</td></tr></table></li><li>Include these codes as defined in <a href="http://www.snomed.org/"><code>http://snomed.info/sct</code></a><table class="none"><tr><td style="white-space:nowrap"><b>Code</b></td><td><b>Display</b></td><td><b>vi</b></td></tr><tr><td><a href="http://browser.ihtsdotools.org/?perspective=full&amp;conceptId1=159799000">159799000</a></td><td>Female prostitute</td><td>Nữ bán dâm</td></tr></table></li><li>Include these codes as defined in <a href="http://www.snomed.org/"><code>http://snomed.info/sct</code></a><table class="none"><tr><td style="white-space:nowrap"><b>Code</b></td><td><b>Display</b></td><td><b>vi</b></td></tr><tr><td><a href="http://browser.ihtsdotools.org/?perspective=full&amp;conceptId1=159800001">159800001</a></td><td>Male prostitute</td><td>Nam bán dâm</td></tr></table></li></ul></div>
  </text>
  <url value="http://openhie.org/fhir/openhie.vn.case-reporting.hiv/ValueSet/vs-hiv-occupation"/>
  <version value="0.1.0-test"/>
  <name value="HIVOccupationCodes"/>
  <status value="draft"/>
  <date value="2021-06-17T09:32:08+00:00"/>
  <publisher value="OpenHIE"/>
  <contact>
    <telecom>
      <system value="url"/>
      <value value="http://ohie.org"/>
    </telecom>
  </contact>
  <jurisdiction>
    <coding>
      <system value="http://unstats.un.org/unsd/methods/m49/m49.htm"/>
      <code value="001"/>
    </coding>
  </jurisdiction>
  <compose>
    <include>
      <system value="http://snomed.info/sct"/>
      <concept>
        <code value="310892005"/>
        <display value="Army personnel"/>
        <designation>
          <language value="vi-VN"/>
          <value value="C&#xE1;n b&#x1ED9; - chi&#x1EBF;n s&#x1EF9; thu&#x1ED9;c l&#x1EF1;c l&#x1B0;&#x1EE3;ng v&#x169; trang nh&#xE2;n d&#xE2;n"/>
        </designation>
      </concept>
    </include>
    <include>
      <system value="http://snomed.info/sct"/>
      <concept>
        <code value="413327003"/>
        <display value="Student full time education"/>
        <designation>
          <language value="vi-VN"/>
          <value value="H&#x1ECD;c sinh-sinh vi&#xEA;n"/>
        </designation>
      </concept>
    </include>
    <include>
      <system value="http://snomed.info/sct"/>
      <concept>
        <code value="73438004"/>
        <display value="Out of work"/>
        <designation>
          <language value="vi-VN"/>
          <value value="Th&#x1EA5;t nghi&#x1EC7;p"/>
        </designation>
      </concept>
    </include>
    <include>
      <system value="http://snomed.info/sct"/>
      <concept>
        <code value="106388008"/>
        <display value="Farmer"/>
        <designation>
          <language value="vi-VN"/>
          <value value="Ng&#x1B0;&#x1EDD;i l&#xE0;m n&#xF4;ng nghi&#x1EC7;p"/>
        </designation>
      </concept>
    </include>
    <include>
      <system value="http://snomed.info/sct"/>
      <concept>
        <code value="106538001"/>
        <display value="Car driver"/>
        <designation>
          <language value="vi-VN"/>
          <value value="L&#xE1;i xe"/>
        </designation>
      </concept>
    </include>
    <include>
      <system value="http://snomed.info/sct"/>
      <concept>
        <code value="106400003"/>
        <display value="Fishermen"/>
        <designation>
          <language value="vi-VN"/>
          <value value="Ng&#x1B0; d&#xE2;n"/>
        </designation>
      </concept>
    </include>
    <include>
      <system value="http://snomed.info/sct"/>
      <concept>
        <code value="106541005"/>
        <display value="Social worker general"/>
        <designation>
          <language value="vi-VN"/>
          <value value="C&#xF4;ng nh&#xE2;n"/>
        </designation>
      </concept>
    </include>
    <include>
      <system value="http://snomed.info/sct"/>
      <concept>
        <code value="184119001"/>
        <display value="Patient occupation unknown"/>
        <designation>
          <language value="vi-VN"/>
          <value value="Ngh&#x1EC1; kh&#xE1;c"/>
        </designation>
      </concept>
    </include>
    <include>
      <system value="http://snomed.info/sct"/>
      <concept>
        <code value="449344001"/>
        <display value="Sex worker"/>
        <designation>
          <language value="vi-VN"/>
          <value value="Ngh&#x1EC1; b&#xE1;n d&#xE2;m"/>
        </designation>
      </concept>
    </include>
    <include>
      <system value="http://snomed.info/sct"/>
      <concept>
        <code value="159799000"/>
        <display value="Female prostitute"/>
        <designation>
          <language value="vi-VN"/>
          <value value="N&#x1EEF; b&#xE1;n d&#xE2;m"/>
        </designation>
      </concept>
    </include>
    <include>
      <system value="http://snomed.info/sct"/>
      <concept>
        <code value="159800001"/>
        <display value="Male prostitute"/>
        <designation>
          <language value="vi-VN"/>
          <value value="Nam b&#xE1;n d&#xE2;m"/>
        </designation>
      </concept>
    </include>
  </compose>
</ValueSet>