{"resourceType":"CodeSystem","id":"cs-hiv-treatmentstopreason","text":{"status":"generated","div":"<div xmlns=\"http://www.w3.org/1999/xhtml\"><p>This code system http://openhie.org/fhir/openhie.vn.case-reporting.hiv/CodeSystem/cs-hiv-treatmentstopreason defines the following codes:</p><table class=\"codes\"><tr><td style=\"white-space:nowrap\"><b>Code</b></td><td><b>Display</b></td></tr><tr><td style=\"white-space:nowrap\">transfer-out<a name=\"cs-hiv-treatmentstopreason-transfer-out\"> </a></td><td>Transfer out</td></tr><tr><td style=\"white-space:nowrap\">drop-out<a name=\"cs-hiv-treatmentstopreason-drop-out\"> </a></td><td>Drop out or LTFU</td></tr><tr><td style=\"white-space:nowrap\">death<a name=\"cs-hiv-treatmentstopreason-death\"> </a></td><td>Death</td></tr></table></div>"},"url":"http://openhie.org/fhir/openhie.vn.case-reporting.hiv/CodeSystem/cs-hiv-treatmentstopreason","version":"0.1.0-test","name":"CSTreatmentStopReason","title":"Codesystem Reason to stop treatment at facility","status":"active","date":"2021-08-01T17:21:48+00:00","publisher":"OpenHIE","contact":[{"telecom":[{"system":"url","value":"http://ohie.org"}]}],"description":"CodeSystem - \tReason to stop treatment at facility","jurisdiction":[{"coding":[{"system":"http://unstats.un.org/unsd/methods/m49/m49.htm","code":"001"}]}],"content":"complete","count":3,"concept":[{"code":"transfer-out","display":"Transfer out"},{"code":"drop-out","display":"Drop out or LTFU"},{"code":"death","display":"Death"}]}