<?xml version="1.0" encoding="UTF-8"?>

<CodeSystem xmlns="http://hl7.org/fhir">
  <id value="cs-treatment-status"/>
  <text>
    <status value="generated"/><div xmlns="http://www.w3.org/1999/xhtml"><p>This code system http://openhie.org/fhir/openhie.vn.case-reporting.hiv/CodeSystem/cs-treatment-status defines the following codes:</p><table class="codes"><tr><td style="white-space:nowrap"><b>Code</b></td><td><b>Display</b></td></tr><tr><td style="white-space:nowrap">drop<a name="cs-treatment-status-drop"> </a></td><td>Drop out</td></tr><tr><td style="white-space:nowrap">dead<a name="cs-treatment-status-dead"> </a></td><td>Dead</td></tr><tr><td style="white-space:nowrap">transfer<a name="cs-treatment-status-transfer"> </a></td><td>Transfer</td></tr><tr><td style="white-space:nowrap">treatment<a name="cs-treatment-status-treatment"> </a></td><td>Treatment given</td></tr></table><p><b>Additional Language Displays</b></p><table class="codes"><tr><td><b>Code</b></td><td><b>vi</b></td></tr><tr><td>drop</td><td>bỏ trị</td></tr><tr><td>dead</td><td>Tử vong</td></tr><tr><td>transfer</td><td>Bệnh nhân chuyển đi</td></tr><tr><td>treatment</td><td>Đang được điều trị</td></tr></table></div>
  </text>
  <url value="http://openhie.org/fhir/openhie.vn.case-reporting.hiv/CodeSystem/cs-treatment-status"/>
  <version value="0.1.0-test"/>
  <name value="StatusOfTreatmentProcess"/>
  <title value="Status of treatment process"/>
  <status value="draft"/>
  <date value="2022-03-23T08:06:35+00:00"/>
  <publisher value="OpenHIE"/>
  <contact>
    <telecom>
      <system value="url"/>
      <value value="http://ohie.org"/>
    </telecom>
  </contact>
  <jurisdiction>
    <coding>
      <system value="http://unstats.un.org/unsd/methods/m49/m49.htm"/>
      <code value="001"/>
    </coding>
  </jurisdiction>
  <content value="complete"/>
  <concept>
    <code value="drop"/>
    <display value="Drop out"/>
    <designation>
      <language value="vi-VN"/>
      <value value="bỏ trị"/>
    </designation>
  </concept>
  <concept>
    <code value="dead"/>
    <display value="Dead"/>
    <designation>
      <language value="vi-VN"/>
      <value value="Tử vong"/>
    </designation>
  </concept>
  <concept>
    <code value="transfer"/>
    <display value="Transfer"/>
    <designation>
      <language value="vi-VN"/>
      <value value="Bệnh nhân chuyển đi"/>
    </designation>
  </concept>
  <concept>
    <code value="treatment"/>
    <display value="Treatment given"/>
    <designation>
      <language value="vi-VN"/>
      <value value="Đang được điều trị"/>
    </designation>
  </concept>
</CodeSystem>