"Path","Slice Name","Alias(s)","Label","Min","Max","Must Support?","Is Modifier?","Is Summary?","Type(s)","Short","Definition","Comments","Requirements","Default Value","Meaning When Missing","Fixed Value","Pattern","Example","Minimum Value","Maximum Value","Maximum Length","Binding Strength","Binding Description","Binding Value Set","Code","Slicing Discriminator","Slicing Description","Slicing Ordered","Slicing Rules","Base Path","Base Min","Base Max","Condition(s)","Constraint(s)","Mapping: RIM Mapping"
"cr-provenance","","","",0,*,"","","","","Case Record data provenance","Case Record data provenance.","","","","","","","","","",,,,,"",,,,"Base",0,*,"",""
"cr-provenance.processing","","","",1,1,"","","","BackboneElement {[]} {[]}
","The operation that was done - transfer, change, etc.","The operation that was done - transfer, change, etc.","","","","","","","","","",,,,,"",,,,"cr-provenance.processing",1,1,"",""
"cr-provenance.processing.type","","","",1,1,"","","","Coding {[]} {[]}
","The operation that was done - transfer, change, etc.","The operation that was done - transfer, change, etc.","","","","","","","","","",,,,,"",,,,"cr-provenance.processing.type",1,1,"",""
"cr-provenance.processing.sourceSystem","","","",1,1,"","","","string {[]} {[]}
","Source system, if applicable","Source system, if applicable","","","","","","","","","",,,,,"",,,,"cr-provenance.processing.sourceSystem",1,1,"",""
"cr-provenance.processing.targetSystem","","","",1,1,"","","","string {[]} {[]}
","Target system","Target system","","","","","","","","","",,,,,"",,,,"cr-provenance.processing.targetSystem",1,1,"",""
"cr-provenance.processing.dateTime","","","",1,1,"","","","dateTime {[]} {[]}
","DateTime of processing","DateTime of processing","","","","","","","","","",,,,,"",,,,"cr-provenance.processing.dateTime",1,1,"",""
"cr-provenance.processedData","","","",1,1,"","","","BackboneElement {[]} {[]}
","Information about the data that was processed","Information about the data that was processed","","","","","","","","","",,,,,"",,,,"cr-provenance.processedData",1,1,"",""
"cr-provenance.processedData.subject","","","",1,1,"","","","Reference {[]} {[]}
","The subject of data operation (Patient)","The subject of data operation (Patient)","","","","","","","","","",,,,,"",,,,"cr-provenance.processedData.subject",1,1,"",""
