{
  "resourceType": "ImplementationGuide",
  "id": "openhie.vn.case-reporting.hiv",
  "text": {
    "status": "extensions",
    "div": "<div xmlns=\"http://www.w3.org/1999/xhtml\"><h2>OpenHIE Vietnam HIV Case-reporting</h2><p>The official URL for this implementation guide is: </p><pre>http://openhie.org/fhir/openhie.vn.case-reporting.hiv/ImplementationGuide/openhie.vn.case-reporting.hiv</pre><div><p>This Implementation Guide describes the requirements and conformance rules for the HIV Case Reporting to use in Vietnam</p>\n</div></div>"
  },
  "url": "http://openhie.org/fhir/openhie.vn.case-reporting.hiv/ImplementationGuide/openhie.vn.case-reporting.hiv",
  "version": "0.1.0-test",
  "name": "OpenHIE Vietnam HIV Case-reporting",
  "title": "HIV Case-reporting for Vietnam - candidate draft",
  "status": "draft",
  "experimental": false,
  "date": "2022-01-16T18:50:07+00:00",
  "publisher": "OpenHIE",
  "contact": [
    {
      "telecom": [
        {
          "system": "url",
          "value": "http://ohie.org"
        }
      ]
    }
  ],
  "description": "This Implementation Guide describes the requirements and conformance rules for the HIV Case Reporting to use in Vietnam ",
  "jurisdiction": [
    {
      "coding": [
        {
          "system": "http://unstats.un.org/unsd/methods/m49/m49.htm",
          "code": "001"
        }
      ]
    }
  ],
  "packageId": "openhie.vn.case-reporting.hiv",
  "license": "CC0-1.0",
  "fhirVersion": [
    "4.0.1"
  ],
  "dependsOn": [
    {
      "uri": "http://hl7.org/fhir/uv/sdc/StructureDefinition/sdc-questionnaireresponse",
      "packageId": "hl7.fhir.uv.sdc",
      "version": "2.7.0"
    }
  ],
  "definition": {
    "extension": [
      {
        "extension": [
          {
            "url": "code",
            "valueString": "copyrightyear"
          },
          {
            "url": "value",
            "valueString": "2020+"
          }
        ],
        "url": "http://hl7.org/fhir/tools/StructureDefinition/ig-parameter"
      },
      {
        "extension": [
          {
            "url": "code",
            "valueString": "releaselabel"
          },
          {
            "url": "value",
            "valueString": "CI Build"
          }
        ],
        "url": "http://hl7.org/fhir/tools/StructureDefinition/ig-parameter"
      },
      {
        "extension": [
          {
            "url": "code",
            "valueString": "path-binary"
          },
          {
            "url": "value",
            "valueString": "input\\cql"
          }
        ],
        "url": "http://hl7.org/fhir/tools/StructureDefinition/ig-parameter"
      },
      {
        "extension": [
          {
            "url": "code",
            "valueString": "path-liquid"
          },
          {
            "url": "value",
            "valueString": "templates\\liquid"
          }
        ],
        "url": "http://hl7.org/fhir/tools/StructureDefinition/ig-parameter"
      },
      {
        "extension": [
          {
            "url": "code",
            "valueString": "excludettl"
          },
          {
            "url": "value",
            "valueString": "true"
          }
        ],
        "url": "http://hl7.org/fhir/tools/StructureDefinition/ig-parameter"
      },
      {
        "extension": [
          {
            "url": "code",
            "valueString": "autoload-resources"
          },
          {
            "url": "value",
            "valueString": "true"
          }
        ],
        "url": "http://hl7.org/fhir/tools/StructureDefinition/ig-parameter"
      },
      {
        "extension": [
          {
            "url": "code",
            "valueString": "path-liquid"
          },
          {
            "url": "value",
            "valueString": "template/liquid"
          }
        ],
        "url": "http://hl7.org/fhir/tools/StructureDefinition/ig-parameter"
      },
      {
        "extension": [
          {
            "url": "code",
            "valueString": "path-liquid"
          },
          {
            "url": "value",
            "valueString": "input/liquid"
          }
        ],
        "url": "http://hl7.org/fhir/tools/StructureDefinition/ig-parameter"
      },
      {
        "extension": [
          {
            "url": "code",
            "valueString": "path-qa"
          },
          {
            "url": "value",
            "valueString": "temp/qa"
          }
        ],
        "url": "http://hl7.org/fhir/tools/StructureDefinition/ig-parameter"
      },
      {
        "extension": [
          {
            "url": "code",
            "valueString": "path-temp"
          },
          {
            "url": "value",
            "valueString": "temp/pages"
          }
        ],
        "url": "http://hl7.org/fhir/tools/StructureDefinition/ig-parameter"
      },
      {
        "extension": [
          {
            "url": "code",
            "valueString": "path-output"
          },
          {
            "url": "value",
            "valueString": "output"
          }
        ],
        "url": "http://hl7.org/fhir/tools/StructureDefinition/ig-parameter"
      },
      {
        "extension": [
          {
            "url": "code",
            "valueString": "path-suppressed-warnings"
          },
          {
            "url": "value",
            "valueString": "input/ignoreWarnings.txt"
          }
        ],
        "url": "http://hl7.org/fhir/tools/StructureDefinition/ig-parameter"
      },
      {
        "extension": [
          {
            "url": "code",
            "valueString": "path-history"
          },
          {
            "url": "value",
            "valueString": "http://openhie.org/fhir/openhie.vn.case-reporting.hiv/history.html"
          }
        ],
        "url": "http://hl7.org/fhir/tools/StructureDefinition/ig-parameter"
      },
      {
        "extension": [
          {
            "url": "code",
            "valueString": "template-html"
          },
          {
            "url": "value",
            "valueString": "template-page.html"
          }
        ],
        "url": "http://hl7.org/fhir/tools/StructureDefinition/ig-parameter"
      },
      {
        "extension": [
          {
            "url": "code",
            "valueString": "template-md"
          },
          {
            "url": "value",
            "valueString": "template-page-md.html"
          }
        ],
        "url": "http://hl7.org/fhir/tools/StructureDefinition/ig-parameter"
      },
      {
        "extension": [
          {
            "url": "code",
            "valueString": "apply-contact"
          },
          {
            "url": "value",
            "valueString": "true"
          }
        ],
        "url": "http://hl7.org/fhir/tools/StructureDefinition/ig-parameter"
      },
      {
        "extension": [
          {
            "url": "code",
            "valueString": "apply-context"
          },
          {
            "url": "value",
            "valueString": "true"
          }
        ],
        "url": "http://hl7.org/fhir/tools/StructureDefinition/ig-parameter"
      },
      {
        "extension": [
          {
            "url": "code",
            "valueString": "apply-copyright"
          },
          {
            "url": "value",
            "valueString": "true"
          }
        ],
        "url": "http://hl7.org/fhir/tools/StructureDefinition/ig-parameter"
      },
      {
        "extension": [
          {
            "url": "code",
            "valueString": "apply-jurisdiction"
          },
          {
            "url": "value",
            "valueString": "true"
          }
        ],
        "url": "http://hl7.org/fhir/tools/StructureDefinition/ig-parameter"
      },
      {
        "extension": [
          {
            "url": "code",
            "valueString": "apply-license"
          },
          {
            "url": "value",
            "valueString": "true"
          }
        ],
        "url": "http://hl7.org/fhir/tools/StructureDefinition/ig-parameter"
      },
      {
        "extension": [
          {
            "url": "code",
            "valueString": "apply-publisher"
          },
          {
            "url": "value",
            "valueString": "true"
          }
        ],
        "url": "http://hl7.org/fhir/tools/StructureDefinition/ig-parameter"
      },
      {
        "extension": [
          {
            "url": "code",
            "valueString": "apply-version"
          },
          {
            "url": "value",
            "valueString": "true"
          }
        ],
        "url": "http://hl7.org/fhir/tools/StructureDefinition/ig-parameter"
      },
      {
        "extension": [
          {
            "url": "code",
            "valueString": "active-tables"
          },
          {
            "url": "value",
            "valueString": "true"
          }
        ],
        "url": "http://hl7.org/fhir/tools/StructureDefinition/ig-parameter"
      }
    ],
    "resource": [
      {
        "extension": [
          {
            "url": "http://hl7.org/fhir/tools/StructureDefinition/resource-information",
            "valueString": "Observation"
          }
        ],
        "reference": {
          "reference": "Observation/a-hiv-viral-load"
        },
        "name": "Example Observation - a-hiv-viral-load",
        "exampleCanonical": "http://openhie.org/fhir/openhie.vn.case-reporting.hiv/StructureDefinition/hiv-viral-load"
      },
      {
        "extension": [
          {
            "url": "http://hl7.org/fhir/tools/StructureDefinition/resource-information",
            "valueString": "Questionnaire"
          }
        ],
        "reference": {
          "reference": "Questionnaire/hiv-case-report-questionnaire"
        },
        "name": "HIV Case Report Form",
        "description": "HIV Case Report Form"
      },
      {
        "extension": [
          {
            "url": "http://hl7.org/fhir/tools/StructureDefinition/resource-information",
            "valueString": "CodeSystem"
          }
        ],
        "reference": {
          "reference": "CodeSystem/cs-treatment-status"
        },
        "name": "Status of treatment process"
      },
      {
        "extension": [
          {
            "url": "http://hl7.org/fhir/tools/StructureDefinition/resource-information",
            "valueString": "CodeSystem"
          }
        ],
        "reference": {
          "reference": "CodeSystem/cs-hiv-treatmentstopreason"
        },
        "name": "Codesystem Reason to stop treatment at facility",
        "description": "CodeSystem - \tReason to stop treatment at facility"
      },
      {
        "extension": [
          {
            "url": "http://hl7.org/fhir/tools/StructureDefinition/resource-information",
            "valueString": "ValueSet"
          }
        ],
        "reference": {
          "reference": "ValueSet/vs-treatment-category"
        },
        "name": "Category of the treatment",
        "description": "Valueset - Category of the treatment"
      },
      {
        "extension": [
          {
            "url": "http://hl7.org/fhir/tools/StructureDefinition/resource-information",
            "valueString": "StructureDefinition:resource"
          }
        ],
        "reference": {
          "reference": "StructureDefinition/hiv-diagnosis-observation"
        },
        "name": "HIV Diagnosis result",
        "description": "This profile allows the exchange of a statement of a patient's HIV diagnosis"
      },
      {
        "extension": [
          {
            "url": "http://hl7.org/fhir/tools/StructureDefinition/resource-information",
            "valueString": "StructureDefinition:resource"
          }
        ],
        "reference": {
          "reference": "StructureDefinition/hiv-treatment-process"
        },
        "name": "HIV Treatment",
        "description": "This profile allows the exchange of a patient's treatment"
      },
      {
        "extension": [
          {
            "url": "http://hl7.org/fhir/tools/StructureDefinition/resource-information",
            "valueString": "ValueSet"
          }
        ],
        "reference": {
          "reference": "ValueSet/vs-hiv-mediatorsys"
        },
        "name": "MediatorSystem Value Set ",
        "description": "ValueSet - Mediator System"
      },
      {
        "extension": [
          {
            "url": "http://hl7.org/fhir/tools/StructureDefinition/resource-information",
            "valueString": "CodeSystem"
          }
        ],
        "reference": {
          "reference": "CodeSystem/cs-regimen-change-reason"
        },
        "name": "Reason for regimen change",
        "description": "Reason for regimen change"
      },
      {
        "extension": [
          {
            "url": "http://hl7.org/fhir/tools/StructureDefinition/resource-information",
            "valueString": "CodeSystem"
          }
        ],
        "reference": {
          "reference": "CodeSystem/cs-pregnancy-outcome"
        },
        "name": "HIV Pregnancy Outcome"
      },
      {
        "extension": [
          {
            "url": "http://hl7.org/fhir/tools/StructureDefinition/resource-information",
            "valueString": "CodeSystem"
          }
        ],
        "reference": {
          "reference": "CodeSystem/cs-viralload-group"
        },
        "name": "Viral Load group",
        "description": "Codesystem - Viral Load group"
      },
      {
        "extension": [
          {
            "url": "http://hl7.org/fhir/tools/StructureDefinition/resource-information",
            "valueString": "ValueSet"
          }
        ],
        "reference": {
          "reference": "ValueSet/vs-hiv-recentinfection"
        },
        "name": "Valueset Recent infection conclusion",
        "description": "Valueset - Recent infection conclusion"
      },
      {
        "extension": [
          {
            "url": "http://hl7.org/fhir/tools/StructureDefinition/resource-information",
            "valueString": "StructureDefinition:extension"
          }
        ],
        "reference": {
          "reference": "StructureDefinition/ext-vn-ethnicity"
        },
        "name": "Vietnam Ethnicity ",
        "description": "Vietnam Ethnicity"
      },
      {
        "extension": [
          {
            "url": "http://hl7.org/fhir/tools/StructureDefinition/resource-information",
            "valueString": "StructureDefinition:resource"
          }
        ],
        "reference": {
          "reference": "StructureDefinition/hiv-arv-careplan"
        },
        "name": "ARVCarePlan",
        "description": "This profile allows the exchange of a patient's ARV treatment"
      },
      {
        "extension": [
          {
            "url": "http://hl7.org/fhir/tools/StructureDefinition/resource-information",
            "valueString": "CodeSystem"
          }
        ],
        "reference": {
          "reference": "CodeSystem/cs-hiv-recentinfection"
        },
        "name": "Codesystem Recent infection conclusion",
        "description": "CodeSystem - RRecent infection conclusion"
      },
      {
        "extension": [
          {
            "url": "http://hl7.org/fhir/tools/StructureDefinition/resource-information",
            "valueString": "CodeSystem"
          }
        ],
        "reference": {
          "reference": "CodeSystem/cs-hiv-occupation"
        },
        "name": "CodeSystem Occupation",
        "description": "CodeSystem - Occupation"
      },
      {
        "extension": [
          {
            "url": "http://hl7.org/fhir/tools/StructureDefinition/resource-information",
            "valueString": "CodeSystem"
          }
        ],
        "reference": {
          "reference": "CodeSystem/cs-hiv-birthdefects"
        },
        "name": "Codesystem Birth Defects",
        "description": "CodeSystem - Birth Defects"
      },
      {
        "extension": [
          {
            "url": "http://hl7.org/fhir/tools/StructureDefinition/resource-information",
            "valueString": "StructureDefinition:resource"
          }
        ],
        "reference": {
          "reference": "StructureDefinition/cause-of-death"
        },
        "name": "Cause of Death for HIV case surveillance",
        "description": "Cause of Death for HIV case surveillance"
      },
      {
        "extension": [
          {
            "url": "http://hl7.org/fhir/tools/StructureDefinition/resource-information",
            "valueString": "CodeSystem"
          }
        ],
        "reference": {
          "reference": "CodeSystem/cs-vn-regimen"
        },
        "name": "CodeSystem Vietnam HIV Regimen",
        "description": "CodeSystem - Vietnam HIV Regimen"
      },
      {
        "extension": [
          {
            "url": "http://hl7.org/fhir/tools/StructureDefinition/resource-information",
            "valueString": "CodeSystem"
          }
        ],
        "reference": {
          "reference": "CodeSystem/cs-viralload-indications"
        },
        "name": "Viralload Indications",
        "description": "CodeSystem - Indications"
      },
      {
        "extension": [
          {
            "url": "http://hl7.org/fhir/tools/StructureDefinition/resource-information",
            "valueString": "ValueSet"
          }
        ],
        "reference": {
          "reference": "ValueSet/vs-vn-administrativeaddress"
        },
        "name": "Vietnam Administrative Address",
        "description": "Thông tin địa danh hành chính - Theo ban hành Danh mục Dân tộc của Tổng cục thống kê"
      },
      {
        "extension": [
          {
            "url": "http://hl7.org/fhir/tools/StructureDefinition/resource-information",
            "valueString": "CodeSystem"
          }
        ],
        "reference": {
          "reference": "CodeSystem/cs-cause-of-death"
        },
        "name": "Cause of death",
        "description": "Cause of death"
      },
      {
        "extension": [
          {
            "url": "http://hl7.org/fhir/tools/StructureDefinition/resource-information",
            "valueString": "StructureDefinition:resource"
          }
        ],
        "reference": {
          "reference": "StructureDefinition/aids-diagnosis-observation"
        },
        "name": "AIDS Diagnosis result",
        "description": "This profile allows the exchange of a patient's hiv recency test"
      },
      {
        "extension": [
          {
            "url": "http://hl7.org/fhir/tools/StructureDefinition/resource-information",
            "valueString": "ValueSet"
          }
        ],
        "reference": {
          "reference": "ValueSet/vs-hiv-symptoms"
        },
        "name": "HIV Symptoms"
      },
      {
        "extension": [
          {
            "url": "http://hl7.org/fhir/tools/StructureDefinition/resource-information",
            "valueString": "StructureDefinition:resource"
          }
        ],
        "reference": {
          "reference": "StructureDefinition/hiv-condition"
        },
        "name": "HIV Condition",
        "description": "This profile allows the exchange of a patient's hiv diagnosis"
      },
      {
        "extension": [
          {
            "url": "http://hl7.org/fhir/tools/StructureDefinition/resource-information",
            "valueString": "Questionnaire"
          }
        ],
        "reference": {
          "reference": "Questionnaire/vn-hiv-csv-import-questionnaire"
        },
        "name": "HIV Case surveillance import",
        "description": "HIV Case surveillance data import structure"
      },
      {
        "extension": [
          {
            "url": "http://hl7.org/fhir/tools/StructureDefinition/resource-information",
            "valueString": "CodeSystem"
          }
        ],
        "reference": {
          "reference": "CodeSystem/cs-patient-gender"
        },
        "name": "Patient Gender",
        "description": "The genders for patients"
      },
      {
        "extension": [
          {
            "url": "http://hl7.org/fhir/tools/StructureDefinition/resource-information",
            "valueString": "ValueSet"
          }
        ],
        "reference": {
          "reference": "ValueSet/vs-hiv-reasoncd4test"
        },
        "name": "Valueset Reason for CD4 test",
        "description": "Valueset - Reason for CD4 test"
      },
      {
        "extension": [
          {
            "url": "http://hl7.org/fhir/tools/StructureDefinition/resource-information",
            "valueString": "QuestionnaireResponse"
          }
        ],
        "reference": {
          "reference": "QuestionnaireResponse/exampleresponse"
        }
      },
      {
        "extension": [
          {
            "url": "http://hl7.org/fhir/tools/StructureDefinition/resource-information",
            "valueString": "Observation"
          }
        ],
        "reference": {
          "reference": "Observation/a-hiv-diagnosis-observation"
        },
        "name": "Example Observation - a-hiv-diagnosis-observation",
        "exampleCanonical": "http://openhie.org/fhir/openhie.vn.case-reporting.hiv/StructureDefinition/hiv-diagnosis-observation"
      },
      {
        "extension": [
          {
            "url": "http://hl7.org/fhir/tools/StructureDefinition/resource-information",
            "valueString": "CodeSystem"
          }
        ],
        "reference": {
          "reference": "CodeSystem/cs-hiv-common"
        },
        "name": "Common code for CS HIV"
      },
      {
        "extension": [
          {
            "url": "http://hl7.org/fhir/tools/StructureDefinition/resource-information",
            "valueString": "CodeSystem"
          }
        ],
        "reference": {
          "reference": "CodeSystem/cs-patient-communication-preferences"
        },
        "name": "Patient Communication Preferences",
        "description": "The way the patient prefers to be contacted"
      },
      {
        "extension": [
          {
            "url": "http://hl7.org/fhir/tools/StructureDefinition/resource-information",
            "valueString": "CodeSystem"
          }
        ],
        "reference": {
          "reference": "CodeSystem/cs-hiv-rapidtestresults"
        },
        "name": "Codesystem Rapid test results",
        "description": "CodeSystem - Recency rapid test results for HIV"
      },
      {
        "extension": [
          {
            "url": "http://hl7.org/fhir/tools/StructureDefinition/resource-information",
            "valueString": "Observation"
          }
        ],
        "reference": {
          "reference": "Observation/a-pregnancy-status"
        },
        "name": "Example Observation - a-pregnancy-status",
        "exampleCanonical": "http://openhie.org/fhir/openhie.vn.case-reporting.hiv/StructureDefinition/pregnancy-status"
      },
      {
        "extension": [
          {
            "url": "http://hl7.org/fhir/tools/StructureDefinition/resource-information",
            "valueString": "StructureDefinition:resource"
          }
        ],
        "reference": {
          "reference": "StructureDefinition/hiv-recency-result"
        },
        "name": "HIV Recency result",
        "description": "This profile allows the exchange of a patient's hiv recency test"
      },
      {
        "extension": [
          {
            "url": "http://hl7.org/fhir/tools/StructureDefinition/resource-information",
            "valueString": "StructureDefinition:resource"
          }
        ],
        "reference": {
          "reference": "StructureDefinition/HIVChildPatient"
        }
      },
      {
        "extension": [
          {
            "url": "http://hl7.org/fhir/tools/StructureDefinition/resource-information",
            "valueString": "ValueSet"
          }
        ],
        "reference": {
          "reference": "ValueSet/vs-diagnosis-results"
        },
        "name": "VSDiagnosisResults"
      },
      {
        "extension": [
          {
            "url": "http://hl7.org/fhir/tools/StructureDefinition/resource-information",
            "valueString": "CodeSystem"
          }
        ],
        "reference": {
          "reference": "CodeSystem/cs-hiv-mediatorsys"
        },
        "name": "CodeSystem Mediator System",
        "description": "CodeSystem - Mediator System"
      },
      {
        "extension": [
          {
            "url": "http://hl7.org/fhir/tools/StructureDefinition/resource-information",
            "valueString": "ValueSet"
          }
        ],
        "reference": {
          "reference": "ValueSet/vs-patient-gender"
        },
        "name": "Patient Gender",
        "description": "Valueset - patient genders"
      },
      {
        "extension": [
          {
            "url": "http://hl7.org/fhir/tools/StructureDefinition/resource-information",
            "valueString": "ValueSet"
          }
        ],
        "reference": {
          "reference": "ValueSet/vs-cause-of-death"
        },
        "name": "Cause of death",
        "description": "Cause of death"
      },
      {
        "extension": [
          {
            "url": "http://hl7.org/fhir/tools/StructureDefinition/resource-information",
            "valueString": "NamingSystem"
          }
        ],
        "reference": {
          "reference": "NamingSystem/NationalPatientIdentifier9Digit"
        }
      },
      {
        "extension": [
          {
            "url": "http://hl7.org/fhir/tools/StructureDefinition/resource-information",
            "valueString": "ValueSet"
          }
        ],
        "reference": {
          "reference": "ValueSet/vs-arv-status"
        },
        "name": "ValueSet ARV Treatment Status",
        "description": "ValueSet - ARV Treatment Status"
      },
      {
        "extension": [
          {
            "url": "http://hl7.org/fhir/tools/StructureDefinition/resource-information",
            "valueString": "CodeSystem"
          }
        ],
        "reference": {
          "reference": "CodeSystem/cs-hiv-reasonvltest"
        },
        "name": "Codesystem Reason for VL test",
        "description": "CodeSystem - Reason for VL test"
      },
      {
        "extension": [
          {
            "url": "http://hl7.org/fhir/tools/StructureDefinition/resource-information",
            "valueString": "CodeSystem"
          }
        ],
        "reference": {
          "reference": "CodeSystem/cs-hiv-risk-behavior"
        },
        "name": "Risk Behavior",
        "description": "CodeSystem - Behavior associated with risk of HIV transmission"
      },
      {
        "extension": [
          {
            "url": "http://hl7.org/fhir/tools/StructureDefinition/resource-information",
            "valueString": "ValueSet"
          }
        ],
        "reference": {
          "reference": "ValueSet/vs-regimen-change-reason"
        },
        "name": "Reason for regimen change",
        "description": "Reason for regimen change"
      },
      {
        "extension": [
          {
            "url": "http://hl7.org/fhir/tools/StructureDefinition/resource-information",
            "valueString": "ValueSet"
          }
        ],
        "reference": {
          "reference": "ValueSet/vs-type-of-contact"
        },
        "name": "Type of contact or relationship",
        "description": "Type of contact or relationship"
      },
      {
        "extension": [
          {
            "url": "http://hl7.org/fhir/tools/StructureDefinition/resource-information",
            "valueString": "ValueSet"
          }
        ],
        "reference": {
          "reference": "ValueSet/vs-hiv-reasonvltest"
        },
        "name": "Valueset Reason for VL test",
        "description": "Valueset - Reason for VL test"
      },
      {
        "extension": [
          {
            "url": "http://hl7.org/fhir/tools/StructureDefinition/resource-information",
            "valueString": "ValueSet"
          }
        ],
        "reference": {
          "reference": "ValueSet/vs-hiv-population"
        },
        "name": "Risk Population relevant for HIV",
        "description": "Valueset - Risk population relevant for HIV"
      },
      {
        "extension": [
          {
            "url": "http://hl7.org/fhir/tools/StructureDefinition/resource-information",
            "valueString": "ValueSet"
          }
        ],
        "reference": {
          "reference": "ValueSet/vs-viralload-result-other"
        },
        "name": "ValueSet Viral Load Other Result",
        "description": "Valueset - Viral Load Other Result"
      },
      {
        "extension": [
          {
            "url": "http://hl7.org/fhir/tools/StructureDefinition/resource-information",
            "valueString": "StructureDefinition:resource"
          }
        ],
        "reference": {
          "reference": "StructureDefinition/hiv-specimen"
        },
        "name": "HIV specimen",
        "description": "The specimen used for the result"
      },
      {
        "extension": [
          {
            "url": "http://hl7.org/fhir/tools/StructureDefinition/resource-information",
            "valueString": "ValueSet"
          }
        ],
        "reference": {
          "reference": "ValueSet/vs-hiv-residence-status"
        },
        "name": "Valueset ResidenceStatus",
        "description": "Valueset - ResidenceStatus"
      },
      {
        "extension": [
          {
            "url": "http://hl7.org/fhir/tools/StructureDefinition/resource-information",
            "valueString": "CodeSystem"
          }
        ],
        "reference": {
          "reference": "CodeSystem/cs-arv-enrollment-type"
        },
        "name": "CodeSystem ARV Enrollment Type",
        "description": "Codesystem - ARV Enrollment Type"
      },
      {
        "extension": [
          {
            "url": "http://hl7.org/fhir/tools/StructureDefinition/resource-information",
            "valueString": "StructureDefinition:resource"
          }
        ],
        "reference": {
          "reference": "StructureDefinition/hiv-patient"
        },
        "name": "HIV Patient",
        "description": "This Patient profile allows the exchange of patient information, including all the data associated with HIV patients"
      },
      {
        "extension": [
          {
            "url": "http://hl7.org/fhir/tools/StructureDefinition/resource-information",
            "valueString": "Bundle"
          }
        ],
        "reference": {
          "reference": "Bundle/examplebundle"
        },
        "name": "Example Bundle - examplebundle",
        "exampleCanonical": "http://openhie.org/fhir/openhie.vn.case-reporting.hiv/StructureDefinition/hiv-condition"
      },
      {
        "extension": [
          {
            "url": "http://hl7.org/fhir/tools/StructureDefinition/resource-information",
            "valueString": "CodeSystem"
          }
        ],
        "reference": {
          "reference": "CodeSystem/cs-arv-status"
        },
        "name": "CodeSystem ARV Treatment Status",
        "description": "Codesystem - ARV TreatmentStatus"
      },
      {
        "extension": [
          {
            "url": "http://hl7.org/fhir/tools/StructureDefinition/resource-information",
            "valueString": "ValueSet"
          }
        ],
        "reference": {
          "reference": "ValueSet/vs-common-date"
        },
        "name": "Common event date",
        "description": "Define common event date"
      },
      {
        "extension": [
          {
            "url": "http://hl7.org/fhir/tools/StructureDefinition/resource-information",
            "valueString": "ValueSet"
          }
        ],
        "reference": {
          "reference": "ValueSet/vs-patient-communication-preferences"
        },
        "name": "Patient Communication Preferences",
        "description": "Valueset - Patient Communication Preferences"
      },
      {
        "extension": [
          {
            "url": "http://hl7.org/fhir/tools/StructureDefinition/resource-information",
            "valueString": "ValueSet"
          }
        ],
        "reference": {
          "reference": "ValueSet/vs-vn-regimenline"
        },
        "name": "ValueSet Vietnam HIV Regimen Line ",
        "description": "ValueSet - Vietnam HIV Regimen Line"
      },
      {
        "extension": [
          {
            "url": "http://hl7.org/fhir/tools/StructureDefinition/resource-information",
            "valueString": "CodeSystem"
          }
        ],
        "reference": {
          "reference": "CodeSystem/cs-gender"
        },
        "name": "Gender"
      },
      {
        "extension": [
          {
            "url": "http://hl7.org/fhir/tools/StructureDefinition/resource-information",
            "valueString": "CodeSystem"
          }
        ],
        "reference": {
          "reference": "CodeSystem/cs-hiv-reasoncd4test"
        },
        "name": "Codesystem Reason for CD4 test",
        "description": "CodeSystem - Reason for CD4 test"
      },
      {
        "extension": [
          {
            "url": "http://hl7.org/fhir/tools/StructureDefinition/resource-information",
            "valueString": "ValueSet"
          }
        ],
        "reference": {
          "reference": "ValueSet/vs-patient-gender-identity"
        },
        "name": "Patient Gender Identity",
        "description": "Valueset - patient gender identities"
      },
      {
        "extension": [
          {
            "url": "http://hl7.org/fhir/tools/StructureDefinition/resource-information",
            "valueString": "ValueSet"
          }
        ],
        "reference": {
          "reference": "ValueSet/vs-arv-enrollment-type"
        },
        "name": "ValueSet ARV Enrollment Type",
        "description": "ValueSet - ARV Enrollment Type"
      },
      {
        "extension": [
          {
            "url": "http://hl7.org/fhir/tools/StructureDefinition/resource-information",
            "valueString": "CodeSystem"
          }
        ],
        "reference": {
          "reference": "CodeSystem/RecencyRITAresult"
        },
        "name": "Recency RITA result",
        "description": "CodeSystem - Recency result"
      },
      {
        "extension": [
          {
            "url": "http://hl7.org/fhir/tools/StructureDefinition/resource-information",
            "valueString": "CodeSystem"
          }
        ],
        "reference": {
          "reference": "CodeSystem/cs-vn-ethnicity"
        },
        "name": "CodeSystem Vietnam Ethnicity",
        "description": "CodeSystem of Vietnam included  54 ethnic groups in Vietnam recognized by the Vietnamese government"
      },
      {
        "extension": [
          {
            "url": "http://hl7.org/fhir/tools/StructureDefinition/resource-information",
            "valueString": "Observation"
          }
        ],
        "reference": {
          "reference": "Observation/a-hiv-cd4-observation"
        },
        "name": "Example Observation - a-hiv-cd4-observation",
        "exampleCanonical": "http://openhie.org/fhir/openhie.vn.case-reporting.hiv/StructureDefinition/hiv-cd4-observation"
      },
      {
        "extension": [
          {
            "url": "http://hl7.org/fhir/tools/StructureDefinition/resource-information",
            "valueString": "ValueSet"
          }
        ],
        "reference": {
          "reference": "ValueSet/HIVRelationshipTypesVS"
        },
        "name": "Relationship types",
        "description": "Types of relationships between patients and related persons."
      },
      {
        "extension": [
          {
            "url": "http://hl7.org/fhir/tools/StructureDefinition/resource-information",
            "valueString": "StructureDefinition:resource"
          }
        ],
        "reference": {
          "reference": "StructureDefinition/hiv-risk-behavior"
        },
        "name": "HIV Risk Behavior",
        "description": "This profile allows the exchange of patient's risk behaviors"
      },
      {
        "extension": [
          {
            "url": "http://hl7.org/fhir/tools/StructureDefinition/resource-information",
            "valueString": "StructureDefinition:resource"
          }
        ],
        "reference": {
          "reference": "StructureDefinition/hiv-key-population"
        },
        "name": "HIV key population",
        "description": "This profile allows the patient's key population"
      },
      {
        "extension": [
          {
            "url": "http://hl7.org/fhir/tools/StructureDefinition/resource-information",
            "valueString": "StructureDefinition:resource"
          }
        ],
        "reference": {
          "reference": "StructureDefinition/hiv-viral-load"
        },
        "name": "HIV viral load",
        "description": "HIV viral load."
      },
      {
        "extension": [
          {
            "url": "http://hl7.org/fhir/tools/StructureDefinition/resource-information",
            "valueString": "CodeSystem"
          }
        ],
        "reference": {
          "reference": "CodeSystem/cs-hiv-residence-status"
        },
        "name": "Codesystem ResidenceStatus",
        "description": "CodeSystem - \tResidenceStatus"
      },
      {
        "extension": [
          {
            "url": "http://hl7.org/fhir/tools/StructureDefinition/resource-information",
            "valueString": "CodeSystem"
          }
        ],
        "reference": {
          "reference": "CodeSystem/cs-vn-whostage"
        },
        "name": "CodeSystem WHO stage ",
        "description": "CodeSystem - WHO Stage"
      },
      {
        "extension": [
          {
            "url": "http://hl7.org/fhir/tools/StructureDefinition/resource-information",
            "valueString": "StructureDefinition:resource"
          }
        ],
        "reference": {
          "reference": "StructureDefinition/arv-therapy-summary"
        },
        "name": "ART therapy summary",
        "description": "ART therapy summary."
      },
      {
        "extension": [
          {
            "url": "http://hl7.org/fhir/tools/StructureDefinition/resource-information",
            "valueString": "StructureDefinition:resource"
          }
        ],
        "reference": {
          "reference": "StructureDefinition/WeightObservation"
        }
      },
      {
        "extension": [
          {
            "url": "http://hl7.org/fhir/tools/StructureDefinition/resource-information",
            "valueString": "StructureDefinition:extension"
          }
        ],
        "reference": {
          "reference": "StructureDefinition/ext-specimen-collection-place"
        },
        "name": "Specimen Collection Place",
        "description": "Specimen Collection Place."
      },
      {
        "extension": [
          {
            "url": "http://hl7.org/fhir/tools/StructureDefinition/resource-information",
            "valueString": "StructureDefinition:resource"
          }
        ],
        "reference": {
          "reference": "StructureDefinition/HIVIndexRelatedPerson"
        }
      },
      {
        "extension": [
          {
            "url": "http://hl7.org/fhir/tools/StructureDefinition/resource-information",
            "valueString": "ValueSet"
          }
        ],
        "reference": {
          "reference": "ValueSet/vs-vn-whostage"
        },
        "name": "ValueSet WHO Stage ",
        "description": "ValueSet - WHO Stage"
      },
      {
        "extension": [
          {
            "url": "http://hl7.org/fhir/tools/StructureDefinition/resource-information",
            "valueString": "ValueSet"
          }
        ],
        "reference": {
          "reference": "ValueSet/vs-viralload-group"
        },
        "name": "Viral Load group",
        "description": "Valueset - Viral Load group"
      },
      {
        "extension": [
          {
            "url": "http://hl7.org/fhir/tools/StructureDefinition/resource-information",
            "valueString": "StructureDefinition:resource"
          }
        ],
        "reference": {
          "reference": "StructureDefinition/hiv-treatment-hepatitis-process"
        },
        "name": "Hepatitis Treatment",
        "description": "This profile allows to add hepatitis status"
      },
      {
        "extension": [
          {
            "url": "http://hl7.org/fhir/tools/StructureDefinition/resource-information",
            "valueString": "ValueSet"
          }
        ],
        "reference": {
          "reference": "ValueSet/vs-recency-rita"
        },
        "name": "Recency RITA result",
        "description": "Valueset - Recency RITA result"
      },
      {
        "extension": [
          {
            "url": "http://hl7.org/fhir/tools/StructureDefinition/resource-information",
            "valueString": "ValueSet"
          }
        ],
        "reference": {
          "reference": "ValueSet/vs-vn-regimen"
        },
        "name": "ValueSet Vietnam HIV Regimen",
        "description": "ValueSet - Vietnam HIV Regimen"
      },
      {
        "extension": [
          {
            "url": "http://hl7.org/fhir/tools/StructureDefinition/resource-information",
            "valueString": "StructureDefinition:resource"
          }
        ],
        "reference": {
          "reference": "StructureDefinition/hcv-diagnosis-observation"
        },
        "name": "HIV Diagnosis result",
        "description": "This profile allows the exchange of a statement of a patient's hiv diagnosis"
      },
      {
        "extension": [
          {
            "url": "http://hl7.org/fhir/tools/StructureDefinition/resource-information",
            "valueString": "StructureDefinition:resource"
          }
        ],
        "reference": {
          "reference": "StructureDefinition/hiv-cd4-observation"
        },
        "name": "CD4 Observation",
        "description": "This profile allows the exchange of a patient's CD4 test and results"
      },
      {
        "extension": [
          {
            "url": "http://hl7.org/fhir/tools/StructureDefinition/resource-information",
            "valueString": "ValueSet"
          }
        ],
        "reference": {
          "reference": "ValueSet/vs-hiv-risk-behavior"
        },
        "name": "Risk Behavior",
        "description": "ValueSet - Behavior associated with risk of HIV transmission"
      },
      {
        "extension": [
          {
            "url": "http://hl7.org/fhir/tools/StructureDefinition/resource-information",
            "valueString": "StructureDefinition:extension"
          }
        ],
        "reference": {
          "reference": "StructureDefinition/vn-administrative-address"
        },
        "name": "Vietnam Administrative Address",
        "description": "Vietnam Administrative Address."
      },
      {
        "extension": [
          {
            "url": "http://hl7.org/fhir/tools/StructureDefinition/resource-information",
            "valueString": "Observation"
          }
        ],
        "reference": {
          "reference": "Observation/an-aids-diagnosis-observation"
        },
        "name": "Example Observation - an-aids-diagnosis-observation",
        "exampleCanonical": "http://openhie.org/fhir/openhie.vn.case-reporting.hiv/StructureDefinition/aids-diagnosis-observation"
      },
      {
        "extension": [
          {
            "url": "http://hl7.org/fhir/tools/StructureDefinition/resource-information",
            "valueString": "ValueSet"
          }
        ],
        "reference": {
          "reference": "ValueSet/vs-arv-treatment-status"
        },
        "name": "Arv treatment Status",
        "description": "Valueset - ARV treatment Status"
      },
      {
        "extension": [
          {
            "url": "http://hl7.org/fhir/tools/StructureDefinition/resource-information",
            "valueString": "ValueSet"
          }
        ],
        "reference": {
          "reference": "ValueSet/vs-hiv-treatmentstopreason"
        },
        "name": "Valueset Reason to stop treatment at facility",
        "description": "Valueset - Reason to stop treatment at facility"
      },
      {
        "extension": [
          {
            "url": "http://hl7.org/fhir/tools/StructureDefinition/resource-information",
            "valueString": "CodeSystem"
          }
        ],
        "reference": {
          "reference": "CodeSystem/cs-vn-regimenline"
        },
        "name": "CodeSystem Vietnam HIV Regimen Line",
        "description": "CodeSystem - Vietnam HIV Regimen Line"
      },
      {
        "extension": [
          {
            "url": "http://hl7.org/fhir/tools/StructureDefinition/resource-information",
            "valueString": "ValueSet"
          }
        ],
        "reference": {
          "reference": "ValueSet/cs-viralload-indications"
        },
        "name": "Viralload Indications",
        "description": "Valueset - cs-viralload-indications"
      },
      {
        "extension": [
          {
            "url": "http://hl7.org/fhir/tools/StructureDefinition/resource-information",
            "valueString": "CodeSystem"
          }
        ],
        "reference": {
          "reference": "CodeSystem/cs-arv-treatment-status"
        },
        "name": "ARV Treatment Status"
      },
      {
        "extension": [
          {
            "url": "http://hl7.org/fhir/tools/StructureDefinition/resource-information",
            "valueString": "CodeSystem"
          }
        ],
        "reference": {
          "reference": "CodeSystem/type-of-contact"
        },
        "name": "Type of contact or relationship",
        "description": "Type of contact or relationship"
      },
      {
        "extension": [
          {
            "url": "http://hl7.org/fhir/tools/StructureDefinition/resource-information",
            "valueString": "StructureDefinition:resource"
          }
        ],
        "reference": {
          "reference": "StructureDefinition/hiv-treatment-methadone-process"
        },
        "name": "Methadon Treatment",
        "description": "This profile allows to add methadone status"
      },
      {
        "extension": [
          {
            "url": "http://hl7.org/fhir/tools/StructureDefinition/resource-information",
            "valueString": "ValueSet"
          }
        ],
        "reference": {
          "reference": "ValueSet/vs-hiv-occupation"
        },
        "name": "Occupation Value Set ",
        "description": "ValueSet - Occupation"
      },
      {
        "extension": [
          {
            "url": "http://hl7.org/fhir/tools/StructureDefinition/resource-information",
            "valueString": "StructureDefinition:resource"
          }
        ],
        "reference": {
          "reference": "StructureDefinition/ProblemsObservation"
        }
      },
      {
        "extension": [
          {
            "url": "http://hl7.org/fhir/tools/StructureDefinition/resource-information",
            "valueString": "CodeSystem"
          }
        ],
        "reference": {
          "reference": "CodeSystem/cs-hiv-transmission-route"
        },
        "name": "HIV Transmission Route",
        "description": "CodeSystem - Route of HIV transmission"
      },
      {
        "extension": [
          {
            "url": "http://hl7.org/fhir/tools/StructureDefinition/resource-information",
            "valueString": "ValueSet"
          }
        ],
        "reference": {
          "reference": "ValueSet/vs-hiv-pregnancy-outcome"
        },
        "name": "HIV Pregnancy outcome",
        "description": "Valueset - Pregnancy Outcome"
      },
      {
        "extension": [
          {
            "url": "http://hl7.org/fhir/tools/StructureDefinition/resource-information",
            "valueString": "Observation"
          }
        ],
        "reference": {
          "reference": "Observation/a-recency-result"
        },
        "name": "Example Observation - a-recency-result",
        "exampleCanonical": "http://openhie.org/fhir/openhie.vn.case-reporting.hiv/StructureDefinition/hiv-recency-result"
      },
      {
        "extension": [
          {
            "url": "http://hl7.org/fhir/tools/StructureDefinition/resource-information",
            "valueString": "ValueSet"
          }
        ],
        "reference": {
          "reference": "ValueSet/VSDateComponent"
        },
        "name": "Date component of pregnancy",
        "description": "Date component of pregnancy associated with HIV case"
      },
      {
        "extension": [
          {
            "url": "http://hl7.org/fhir/tools/StructureDefinition/resource-information",
            "valueString": "ValueSet"
          }
        ],
        "reference": {
          "reference": "ValueSet/vs-hiv-rapidtestresults"
        },
        "name": "Valueset Rapid test results",
        "description": "Valueset - Recency rapid test results"
      },
      {
        "extension": [
          {
            "url": "http://hl7.org/fhir/tools/StructureDefinition/resource-information",
            "valueString": "CarePlan"
          }
        ],
        "reference": {
          "reference": "CarePlan/a-treatment-record"
        },
        "name": "Example CarePlan - a-treatment-record",
        "exampleCanonical": "http://openhie.org/fhir/openhie.vn.case-reporting.hiv/StructureDefinition/hiv-treatment-process"
      },
      {
        "extension": [
          {
            "url": "http://hl7.org/fhir/tools/StructureDefinition/resource-information",
            "valueString": "CodeSystem"
          }
        ],
        "reference": {
          "reference": "CodeSystem/cs-viralload-result-other"
        },
        "name": "CodeSystem Viral Load Other Result",
        "description": "Codesystem - Viral Load Other Result"
      },
      {
        "extension": [
          {
            "url": "http://hl7.org/fhir/tools/StructureDefinition/resource-information",
            "valueString": "StructureDefinition:resource"
          }
        ],
        "reference": {
          "reference": "StructureDefinition/hiv-treatment-tb-process"
        },
        "name": "TB Treatment",
        "description": "This profile allows to add tuberculosis status"
      },
      {
        "extension": [
          {
            "url": "http://hl7.org/fhir/tools/StructureDefinition/resource-information",
            "valueString": "StructureDefinition:resource"
          }
        ],
        "reference": {
          "reference": "StructureDefinition/hiv-transmission-route"
        },
        "name": "HIV Transmission route",
        "description": "This profile allows the patient's transmission route"
      },
      {
        "extension": [
          {
            "url": "http://hl7.org/fhir/tools/StructureDefinition/resource-information",
            "valueString": "ValueSet"
          }
        ],
        "reference": {
          "reference": "ValueSet/vs-hiv-transmission-route"
        },
        "name": "HIV Transmission Route",
        "description": "Valueset - Route of HIV transmission"
      },
      {
        "extension": [
          {
            "url": "http://hl7.org/fhir/tools/StructureDefinition/resource-information",
            "valueString": "CodeSystem"
          }
        ],
        "reference": {
          "reference": "CodeSystem/cs-hiv-population"
        },
        "name": "Population groups",
        "description": "CodeSystem - Population groups - Subjects to be tested for HIV"
      },
      {
        "extension": [
          {
            "url": "http://hl7.org/fhir/tools/StructureDefinition/resource-information",
            "valueString": "Patient"
          }
        ],
        "reference": {
          "reference": "Patient/test-hiv-patient"
        },
        "name": "Example Patient - test-hiv-patient",
        "exampleCanonical": "http://openhie.org/fhir/openhie.vn.case-reporting.hiv/StructureDefinition/hiv-patient"
      },
      {
        "extension": [
          {
            "url": "http://hl7.org/fhir/tools/StructureDefinition/resource-information",
            "valueString": "ValueSet"
          }
        ],
        "reference": {
          "reference": "ValueSet/vs-vn-ethnicity"
        },
        "name": "Valueset Vietnam Ethnicity",
        "description": "Valueset - Vietnam Ethnicity"
      },
      {
        "extension": [
          {
            "url": "http://hl7.org/fhir/tools/StructureDefinition/resource-information",
            "valueString": "CodeSystem"
          }
        ],
        "reference": {
          "reference": "CodeSystem/cs-patient-gender-identity"
        },
        "name": "Patient Gender Identity",
        "description": "A list of genders that the patient may identify with"
      },
      {
        "extension": [
          {
            "url": "http://hl7.org/fhir/tools/StructureDefinition/resource-information",
            "valueString": "ValueSet"
          }
        ],
        "reference": {
          "reference": "ValueSet/vs-hiv-birthdefects"
        },
        "name": "Valueset Birth Defects",
        "description": "Valueset - Birth Defects"
      },
      {
        "extension": [
          {
            "url": "http://hl7.org/fhir/tools/StructureDefinition/resource-information",
            "valueString": "ValueSet"
          }
        ],
        "reference": {
          "reference": "ValueSet/vs-recency-rtri"
        },
        "name": "Recency RITI result",
        "description": "Valueset - Recency RITI result"
      },
      {
        "extension": [
          {
            "url": "http://hl7.org/fhir/tools/StructureDefinition/resource-information",
            "valueString": "CodeSystem"
          }
        ],
        "reference": {
          "reference": "CodeSystem/cs-treatment-patient-category"
        },
        "name": "Category of the patient"
      },
      {
        "extension": [
          {
            "url": "http://hl7.org/fhir/tools/StructureDefinition/resource-information",
            "valueString": "StructureDefinition:resource"
          }
        ],
        "reference": {
          "reference": "StructureDefinition/pregnancy-status"
        },
        "name": "Pregnancy status",
        "description": "Pregnancy status."
      }
    ],
    "page": {
      "nameUrl": "toc.html",
      "title": "Table of Contents",
      "generation": "html",
      "page": [
        {
          "nameUrl": "index.html",
          "title": "HIV Case Reporting - Home Page",
          "generation": "html"
        },
        {
          "nameUrl": "business_input.html",
          "title": "Business Input",
          "generation": "markdown",
          "page": [
            {
              "nameUrl": "use_cases.html",
              "title": "Use Cases",
              "generation": "markdown"
            },
            {
              "nameUrl": "personas.html",
              "title": "User Personas",
              "generation": "markdown",
              "page": [
                {
                  "nameUrl": "persona1.html",
                  "title": "User Persona 1",
                  "generation": "markdown"
                },
                {
                  "nameUrl": "persona2.html",
                  "title": "User Persona 2",
                  "generation": "markdown"
                }
              ]
            },
            {
              "nameUrl": "concepts.html",
              "title": "Concepts",
              "generation": "markdown"
            },
            {
              "nameUrl": "references.html",
              "title": "References",
              "generation": "html"
            }
          ]
        },
        {
          "nameUrl": "data_exchange.html",
          "title": "Data Models and Exchange",
          "generation": "markdown",
          "page": [
            {
              "nameUrl": "dependencies.html",
              "title": "Dependencies",
              "generation": "markdown"
            },
            {
              "nameUrl": "actors.html",
              "title": "Actors",
              "generation": "html"
            },
            {
              "nameUrl": "functionalities.html",
              "title": "Functionalities",
              "generation": "markdown",
              "page": [
                {
                  "nameUrl": "patient_matching.html",
                  "title": "Business and Functional Requirements",
                  "generation": "markdown"
                }
              ]
            },
            {
              "nameUrl": "transactions.html",
              "title": "Transactions",
              "generation": "markdown"
            }
          ]
        },
        {
          "nameUrl": "deployment.html",
          "title": "Deployment",
          "generation": "markdown",
          "page": [
            {
              "nameUrl": "security_privacy.html",
              "title": "Security and Privacy",
              "generation": "markdown"
            },
            {
              "nameUrl": "testing.html",
              "title": "Testing",
              "generation": "markdown"
            },
            {
              "nameUrl": "downloads.html",
              "title": "Useful Downloads",
              "generation": "html"
            }
          ]
        },
        {
          "nameUrl": "changes.html",
          "title": "IG Change History",
          "generation": "html"
        },
        {
          "nameUrl": "tooling.html",
          "title": "Tooling",
          "generation": "markdown"
        }
      ]
    },
    "parameter": [
      {
        "code": "path-resource",
        "value": "input\\history"
      },
      {
        "code": "path-resource",
        "value": "input\\scenarios"
      },
      {
        "code": "path-resource",
        "value": "input/capabilities"
      },
      {
        "code": "path-resource",
        "value": "input/examples"
      },
      {
        "code": "path-resource",
        "value": "input/extensions"
      },
      {
        "code": "path-resource",
        "value": "input/models"
      },
      {
        "code": "path-resource",
        "value": "input/operations"
      },
      {
        "code": "path-resource",
        "value": "input/profiles"
      },
      {
        "code": "path-resource",
        "value": "input/resources"
      },
      {
        "code": "path-resource",
        "value": "input/vocabulary"
      },
      {
        "code": "path-resource",
        "value": "input/testing"
      },
      {
        "code": "path-resource",
        "value": "input/history"
      },
      {
        "code": "path-resource",
        "value": "fsh-generated/resources"
      },
      {
        "code": "path-pages",
        "value": "template/config"
      },
      {
        "code": "path-pages",
        "value": "input/images"
      },
      {
        "code": "path-tx-cache",
        "value": "input-cache/txcache"
      }
    ]
  }
}