{"resourceType":"ValueSet","id":"vs-hiv-pregnancy-outcome","text":{"status":"generated","div":"<div xmlns=\"http://www.w3.org/1999/xhtml\"><ul><li>Include all codes defined in <a href=\"CodeSystem-cs-pregnancy-outcome.html\"><code>http://openhie.org/fhir/openhie.vn.case-reporting.hiv/CodeSystem/cs-pregnancy-outcome</code></a></li></ul></div>"},"url":"http://openhie.org/fhir/openhie.vn.case-reporting.hiv/ValueSet/vs-hiv-pregnancy-outcome","version":"0.1.0-test","name":"VSHIVPregnancyOutcome","title":"HIV Pregnancy outcome","status":"active","date":"2022-01-16T18:51:47+00:00","publisher":"OpenHIE","contact":[{"telecom":[{"system":"url","value":"http://ohie.org"}]}],"description":"Valueset - Pregnancy Outcome","jurisdiction":[{"coding":[{"system":"http://unstats.un.org/unsd/methods/m49/m49.htm","code":"001"}]}],"compose":{"include":[{"system":"http://openhie.org/fhir/openhie.vn.case-reporting.hiv/CodeSystem/cs-pregnancy-outcome"}]}}