{"resourceType":"CodeSystem","id":"cs-vn-regimenline","text":{"status":"generated","div":"<div xmlns=\"http://www.w3.org/1999/xhtml\"><p>This code system http://openhie.org/fhir/openhie.vn.case-reporting.hiv/CodeSystem/cs-vn-regimenline defines the following codes:</p><table class=\"codes\"><tr><td style=\"white-space:nowrap\"><b>Code</b></td><td><b>Display</b></td></tr><tr><td style=\"white-space:nowrap\">lvl1<a name=\"cs-vn-regimenline-lvl1\"> </a></td><td>First line</td></tr><tr><td style=\"white-space:nowrap\">lvl2<a name=\"cs-vn-regimenline-lvl2\"> </a></td><td>Second line</td></tr><tr><td style=\"white-space:nowrap\">lvl3<a name=\"cs-vn-regimenline-lvl3\"> </a></td><td>Third line</td></tr></table></div>"},"url":"http://openhie.org/fhir/openhie.vn.case-reporting.hiv/CodeSystem/cs-vn-regimenline","version":"0.1.0-test","name":"CSRegimenLine","title":"CodeSystem Vietnam HIV Regimen Line","status":"active","date":"2021-06-28T06:43:08+00:00","publisher":"OpenHIE","contact":[{"telecom":[{"system":"url","value":"http://ohie.org"}]}],"description":"CodeSystem - Vietnam HIV Regimen Line","jurisdiction":[{"coding":[{"system":"http://unstats.un.org/unsd/methods/m49/m49.htm","code":"001"}]}],"content":"complete","count":3,"concept":[{"code":"lvl1","display":"First line"},{"code":"lvl2","display":"Second line"},{"code":"lvl3","display":"Third line"}]}