{"resourceType":"ValueSet","id":"vs-recency-rtri","text":{"status":"generated","div":"<div xmlns=\"http://www.w3.org/1999/xhtml\"><ul><li>Include all codes defined in <a href=\"CodeSystem-cs-recency-result.html\"><code>http://openhie.org/fhir/openhie.vn.case-reporting.hiv/CodeSystem/cs-recency-result</code></a></li></ul></div>"},"url":"http://openhie.org/fhir/openhie.vn.case-reporting.hiv/ValueSet/vs-recency-rtri","version":"0.1.0-test","name":"VSRecencyRTRIResult","title":"Recency RITA result","status":"active","date":"2021-06-23T04:43:25+00:00","publisher":"OpenHIE","contact":[{"telecom":[{"system":"url","value":"http://ohie.org"}]}],"description":"Valueset - Recency RITI result","jurisdiction":[{"coding":[{"system":"http://unstats.un.org/unsd/methods/m49/m49.htm","code":"001"}]}],"compose":{"include":[{"system":"http://openhie.org/fhir/openhie.vn.case-reporting.hiv/CodeSystem/cs-recency-result"}]}}