{
  "resourceType": "CodeSystem",
  "id": "cs-hiv-population",
  "text": {
    "status": "generated",
    "div": "<div xmlns=\"http://www.w3.org/1999/xhtml\"><p>This code system http://openhie.org/fhir/openhie.vn.case-reporting.hiv/CodeSystem/cs-hiv-population defines the following codes:</p><table class=\"codes\"><tr><td style=\"white-space:nowrap\"><b>Code</b></td><td><b>Display</b></td><td><b>Definition</b></td></tr><tr><td style=\"white-space:nowrap\">1<a name=\"cs-hiv-population-1\"> </a></td><td>Người tiêm chích ma túy</td><td>Injecting drug users</td></tr><tr><td style=\"white-space:nowrap\">2<a name=\"cs-hiv-population-2\"> </a></td><td>Nữ bán dâm</td><td>Female sex workers</td></tr><tr><td style=\"white-space:nowrap\">3<a name=\"cs-hiv-population-3\"> </a></td><td>Mang thai</td><td>Pregnant women</td></tr><tr><td style=\"white-space:nowrap\">4<a name=\"cs-hiv-population-4\"> </a></td><td>Người hiến máu tình nguyện</td><td>Blood donors</td></tr><tr><td style=\"white-space:nowrap\">5<a name=\"cs-hiv-population-5\"> </a></td><td>Bệnh nhân lao</td><td>TB patients</td></tr><tr><td style=\"white-space:nowrap\">6<a name=\"cs-hiv-population-6\"> </a></td><td>Người mắc nhiễm trùng lây qua đường tình dục</td><td>People with sexually transmitted diseases</td></tr><tr><td style=\"white-space:nowrap\">7<a name=\"cs-hiv-population-7\"> </a></td><td>Thanh niên khám tuyển nghĩa vụ quân sự</td><td>Young recruits for military service</td></tr><tr><td style=\"white-space:nowrap\">8<a name=\"cs-hiv-population-8\"> </a></td><td>Quan hệ tình dục đồng giới nam</td><td>Men who have sex with men</td></tr><tr><td style=\"white-space:nowrap\">9<a name=\"cs-hiv-population-9\"> </a></td><td>Không rõ</td><td>Unidentified</td></tr></table></div>"
  },
  "url": "http://openhie.org/fhir/openhie.vn.case-reporting.hiv/CodeSystem/cs-hiv-population",
  "version": "0.1.0-test",
  "name": "CSHIVRiskPopulation",
  "title": "Population groups",
  "status": "active",
  "date": "2021-06-15T16:05:51+00:00",
  "publisher": "OpenHIE",
  "contact": [
    {
      "telecom": [
        {
          "system": "url",
          "value": "http://ohie.org"
        }
      ]
    }
  ],
  "description": "CodeSystem - Population groups - Subjects to be tested for HIV",
  "jurisdiction": [
    {
      "coding": [
        {
          "system": "http://unstats.un.org/unsd/methods/m49/m49.htm",
          "code": "001"
        }
      ]
    }
  ],
  "content": "complete",
  "count": 9,
  "concept": [
    {
      "code": "1",
      "display": "Người tiêm chích ma túy",
      "definition": "Injecting drug users"
    },
    {
      "code": "2",
      "display": "Nữ bán dâm",
      "definition": "Female sex workers"
    },
    {
      "code": "3",
      "display": "Mang thai",
      "definition": "Pregnant women"
    },
    {
      "code": "4",
      "display": "Người hiến máu tình nguyện",
      "definition": "Blood donors"
    },
    {
      "code": "5",
      "display": "Bệnh nhân lao",
      "definition": "TB patients"
    },
    {
      "code": "6",
      "display": "Người mắc nhiễm trùng lây qua đường tình dục",
      "definition": "People with sexually transmitted diseases"
    },
    {
      "code": "7",
      "display": "Thanh niên khám tuyển nghĩa vụ quân sự",
      "definition": "Young recruits for military service"
    },
    {
      "code": "8",
      "display": "Quan hệ tình dục đồng giới nam",
      "definition": "Men who have sex with men"
    },
    {
      "code": "9",
      "display": "Không rõ",
      "definition": "Unidentified"
    }
  ]
}