{
  "resourceType": "CodeSystem",
  "id": "cs-hiv-risk-behavior",
  "text": {
    "status": "generated",
    "div": "<div xmlns=\"http://www.w3.org/1999/xhtml\"><p>This code system http://openhie.org/fhir/openhie.vn.case-reporting.hiv/CodeSystem/cs-hiv-risk-behavior defines the following codes:</p><table class=\"codes\"><tr><td style=\"white-space:nowrap\"><b>Code</b></td><td><b>Display</b></td><td><b>Definition</b></td></tr><tr><td style=\"white-space:nowrap\">inject_drugs<a name=\"cs-hiv-risk-behavior-inject_drugs\"> </a></td><td>Tiêm chích ma túy</td><td>Drug injection</td></tr><tr><td style=\"white-space:nowrap\">sex_client<a name=\"cs-hiv-risk-behavior-sex_client\"> </a></td><td>Quan hệ tình dục với người bán dâm hoặc mua dâm </td><td>Sexual relationship with sex workers or with sex buyers/clients (for money or drug)</td></tr><tr><td style=\"white-space:nowrap\">msm<a name=\"cs-hiv-risk-behavior-msm\"> </a></td><td>Quan hệ tình dục đồng giới nam</td><td>Men who have sex with men</td></tr><tr><td style=\"white-space:nowrap\">smp<a name=\"cs-hiv-risk-behavior-smp\"> </a></td><td>Quan hệ tình dục với nhiều người (không vì tiền hay ma túy)</td><td>Having sex with multiple partners (not for money or drug)</td></tr><tr><td style=\"white-space:nowrap\">partner_hiv<a name=\"cs-hiv-risk-behavior-partner_hiv\"> </a></td><td>Quan hệ với vợ/chồng/bạn tình là người nhiễm HIV</td><td>Having sex with spouse/partners who are HIV infected</td></tr></table></div>"
  },
  "url": "http://openhie.org/fhir/openhie.vn.case-reporting.hiv/CodeSystem/cs-hiv-risk-behavior",
  "version": "0.1.0-test",
  "name": "CSHIVRiskBehavior",
  "title": "Risk Behavior",
  "status": "active",
  "date": "2021-06-23T09:08:50+00:00",
  "publisher": "OpenHIE",
  "contact": [
    {
      "telecom": [
        {
          "system": "url",
          "value": "http://ohie.org"
        }
      ]
    }
  ],
  "description": "CodeSystem - Behavior associated with risk of HIV transmission",
  "jurisdiction": [
    {
      "coding": [
        {
          "system": "http://unstats.un.org/unsd/methods/m49/m49.htm",
          "code": "001"
        }
      ]
    }
  ],
  "content": "complete",
  "count": 5,
  "concept": [
    {
      "code": "inject_drugs",
      "display": "Tiêm chích ma túy",
      "definition": "Drug injection"
    },
    {
      "code": "sex_client",
      "display": "Quan hệ tình dục với người bán dâm hoặc mua dâm ",
      "definition": "Sexual relationship with sex workers or with sex buyers/clients (for money or drug)"
    },
    {
      "code": "msm",
      "display": "Quan hệ tình dục đồng giới nam",
      "definition": "Men who have sex with men"
    },
    {
      "code": "smp",
      "display": "Quan hệ tình dục với nhiều người (không vì tiền hay ma túy)",
      "definition": "Having sex with multiple partners (not for money or drug)"
    },
    {
      "code": "partner_hiv",
      "display": "Quan hệ với vợ/chồng/bạn tình là người nhiễm HIV",
      "definition": "Having sex with spouse/partners who are HIV infected"
    }
  ]
}