<?xml version="1.0" encoding="UTF-8"?><CodeSystem xmlns="http://hl7.org/fhir"><id value="cs-treatment-patient-category"/><text><status value="generated"/><div xmlns="http://www.w3.org/1999/xhtml"><p>This code system http://openhie.org/fhir/openhie.vn.case-reporting.hiv/CodeSystem/cs-treatment-patient-category defines the following codes:</p><table class="codes"><tr><td style="white-space:nowrap"><b>Code</b></td><td><b>Display</b></td></tr><tr><td style="white-space:nowrap">register<a name="cs-treatment-patient-category-register"> </a></td><td>Register</td></tr><tr><td style="white-space:nowrap">reRegister<a name="cs-treatment-patient-category-reRegister"> </a></td><td>Re-Register</td></tr><tr><td style="white-space:nowrap">transfer<a name="cs-treatment-patient-category-transfer"> </a></td><td>Transfer</td></tr></table><p><b>Additional Language Displays</b></p><table class="codes"><tr><td><b>Code</b></td><td><b>vi</b></td></tr><tr><td>register</td><td>Đăng ký mới</td></tr><tr><td>reRegister</td><td>Đăng ký lại</td></tr><tr><td>transfer</td><td>Chuyển đến</td></tr></table></div></text><url value="http://openhie.org/fhir/openhie.vn.case-reporting.hiv/CodeSystem/cs-treatment-patient-category"/><version value="0.1.0-test"/><name value="Category of the patient"/><status value="draft"/><date value="2021-06-18T10:02:40+00:00"/><publisher value="OpenHIE"/><contact><telecom><system value="url"/><value value="http://ohie.org"/></telecom></contact><jurisdiction><coding><system value="http://unstats.un.org/unsd/methods/m49/m49.htm"/><code value="001"/></coding></jurisdiction><content value="complete"/><concept><code value="register"/><display value="Register"/><designation><language value="vi-VN"/><value value="&#x110;&#x103;ng k&#xFD; m&#x1EDB;i"/></designation></concept><concept><code value="reRegister"/><display value="Re-Register"/><designation><language value="vi-VN"/><value value="&#x110;&#x103;ng k&#xFD; l&#x1EA1;i"/></designation></concept><concept><code value="transfer"/><display value="Transfer"/><designation><language value="vi-VN"/><value value="Chuy&#x1EC3;n &#x111;&#x1EBF;n"/></designation></concept></CodeSystem>