<?xml version="1.0" encoding="UTF-8"?><CodeSystem xmlns="http://hl7.org/fhir"><id value="cs-vn-regimen"/><text><status value="generated"/><div xmlns="http://www.w3.org/1999/xhtml"><p>This code system http://openhie.org/fhir/openhie.vn.case-reporting.hiv/CodeSystem/cs-vn-regimen defines the following codes:</p><table class="codes"><tr><td style="white-space:nowrap"><b>Code</b></td><td><b>Display</b></td></tr><tr><td style="white-space:nowrap">reg001<a name="cs-vn-regimen-reg001"> </a></td><td>(TDF/3TC/DTG 300/300/50)</td></tr><tr><td style="white-space:nowrap">reg002<a name="cs-vn-regimen-reg002"> </a></td><td>(TDF/3TC/EFV 300/300/400)</td></tr><tr><td style="white-space:nowrap">reg003<a name="cs-vn-regimen-reg003"> </a></td><td>(TDF/3TC/EFV 300/300/600)</td></tr><tr><td style="white-space:nowrap">reg004<a name="cs-vn-regimen-reg004"> </a></td><td>(ZDV/3TC 300/150)(EFV 600)</td></tr><tr><td style="white-space:nowrap">reg005<a name="cs-vn-regimen-reg005"> </a></td><td>(ZDV/3TC 300/150)(EFV 200)</td></tr><tr><td style="white-space:nowrap">reg006<a name="cs-vn-regimen-reg006"> </a></td><td>(ZDV/3TC/NVP 300/150/200)</td></tr><tr><td style="white-space:nowrap">reg007<a name="cs-vn-regimen-reg007"> </a></td><td>(ABC 300)(3TC 150)(DTG 50)</td></tr><tr><td style="white-space:nowrap">reg008<a name="cs-vn-regimen-reg008"> </a></td><td>(TDF 300)(3TC 150)(RAL 400)</td></tr><tr><td style="white-space:nowrap">reg009<a name="cs-vn-regimen-reg009"> </a></td><td>(TDF/FTC 300/200)(RAL 400)</td></tr><tr><td style="white-space:nowrap">reg010<a name="cs-vn-regimen-reg010"> </a></td><td>(TAF 25)(3TC 150)(DTG 50)</td></tr><tr><td style="white-space:nowrap">reg011<a name="cs-vn-regimen-reg011"> </a></td><td>(TDF/FTC 300/200)(EFV 600)</td></tr><tr><td style="white-space:nowrap">reg012<a name="cs-vn-regimen-reg012"> </a></td><td>(ZDV/3TC 300/150)(LPV/r 100/25)</td></tr><tr><td style="white-space:nowrap">reg013<a name="cs-vn-regimen-reg013"> </a></td><td>(ZDV/3TC 300/150)(LPV/r 200/50)</td></tr><tr><td style="white-space:nowrap">reg014<a name="cs-vn-regimen-reg014"> </a></td><td>(ZDV/3TC 300/150)(DTG 50)</td></tr><tr><td style="white-space:nowrap">reg015<a name="cs-vn-regimen-reg015"> </a></td><td>(ZDV/3TC 300/150)(ATV 300)(RTV 100)</td></tr><tr><td style="white-space:nowrap">reg016<a name="cs-vn-regimen-reg016"> </a></td><td>(ZDV/3TC 300/150)(DRV 600)(RTV 100)</td></tr><tr><td style="white-space:nowrap">reg017<a name="cs-vn-regimen-reg017"> </a></td><td>(TDF/FTC 300/200)(DTG 50)</td></tr><tr><td style="white-space:nowrap">reg018<a name="cs-vn-regimen-reg018"> </a></td><td>(TDF/FTC 300/200)(ATV 300)(RTV 100)</td></tr><tr><td style="white-space:nowrap">reg019<a name="cs-vn-regimen-reg019"> </a></td><td>(TDF/FTC 300/200)(DRV 600)(RTV 100)</td></tr><tr><td style="white-space:nowrap">reg020<a name="cs-vn-regimen-reg020"> </a></td><td>(TDF 300)(3TC 150)(ATV 300)(RTV 100)</td></tr><tr><td style="white-space:nowrap">reg021<a name="cs-vn-regimen-reg021"> </a></td><td>(TDF 300)(3TC 150)(DRV 600)(RTV 100)</td></tr><tr><td style="white-space:nowrap">reg022<a name="cs-vn-regimen-reg022"> </a></td><td>(TDF 300)(3TC 150)(LPV/r 100/25)</td></tr><tr><td style="white-space:nowrap">reg023<a name="cs-vn-regimen-reg023"> </a></td><td>(TDF 300)(3TC 150)(LPV/r 200/50)</td></tr><tr><td style="white-space:nowrap">reg024<a name="cs-vn-regimen-reg024"> </a></td><td>(TDF 300)(3TC 150)(LPV/r 80/20mg/ml)</td></tr><tr><td style="white-space:nowrap">reg025<a name="cs-vn-regimen-reg025"> </a></td><td>(TDF/FTC 300/200)(LPV/r 100/25)</td></tr><tr><td style="white-space:nowrap">reg026<a name="cs-vn-regimen-reg026"> </a></td><td>(TDF/FTC 300/200)(LPV/r 200/50)</td></tr><tr><td style="white-space:nowrap">reg027<a name="cs-vn-regimen-reg027"> </a></td><td>(TDF/FTC 300/200)(LPV/r 80/20mg/ml)</td></tr><tr><td style="white-space:nowrap">reg028<a name="cs-vn-regimen-reg028"> </a></td><td>(ABC 300)(ZDV/3TC 300/150)</td></tr><tr><td style="white-space:nowrap">reg029<a name="cs-vn-regimen-reg029"> </a></td><td>(ABC 300)(ZDV/3TC 60/30)</td></tr><tr><td style="white-space:nowrap">reg030<a name="cs-vn-regimen-reg030"> </a></td><td>(ABC/3TC 60/30)(DTG 50)</td></tr><tr><td style="white-space:nowrap">reg031<a name="cs-vn-regimen-reg031"> </a></td><td>(ABC/3TC 60/30)(LPV/r 100/25)</td></tr><tr><td style="white-space:nowrap">reg032<a name="cs-vn-regimen-reg032"> </a></td><td>(ABC/3TC 60/30)(LPV/r 200/50)</td></tr><tr><td style="white-space:nowrap">reg033<a name="cs-vn-regimen-reg033"> </a></td><td>(ABC/3TC 60/30)(LPV/r 80/20mg/ml)</td></tr><tr><td style="white-space:nowrap">reg034<a name="cs-vn-regimen-reg034"> </a></td><td>(ZDV/3TC/NVP 60/30/50)</td></tr><tr><td style="white-space:nowrap">reg035<a name="cs-vn-regimen-reg035"> </a></td><td>(ABC/3TC 60/30)(EFV 200)</td></tr><tr><td style="white-space:nowrap">reg036<a name="cs-vn-regimen-reg036"> </a></td><td>(ABC/3TC 60/30)(EFV 200)(EFV 50)</td></tr><tr><td style="white-space:nowrap">reg037<a name="cs-vn-regimen-reg037"> </a></td><td>(ABC/3TC 60/30)(EFV 50)</td></tr><tr><td style="white-space:nowrap">reg038<a name="cs-vn-regimen-reg038"> </a></td><td>(ZDV/3TC 60/30)(EFV 200)</td></tr><tr><td style="white-space:nowrap">reg039<a name="cs-vn-regimen-reg039"> </a></td><td>(ZDV/3TC 60/30)(EFV 200)(EFV 50)</td></tr><tr><td style="white-space:nowrap">reg040<a name="cs-vn-regimen-reg040"> </a></td><td>(ZDV/3TC 60/30)(EFV 50)</td></tr><tr><td style="white-space:nowrap">reg041<a name="cs-vn-regimen-reg041"> </a></td><td>(ZDV/3TC 60/30)(RAL 25)</td></tr><tr><td style="white-space:nowrap">reg042<a name="cs-vn-regimen-reg042"> </a></td><td>(ZDV/3TC 60/30)(RAL 100)</td></tr><tr><td style="white-space:nowrap">reg043<a name="cs-vn-regimen-reg043"> </a></td><td>(ZDV/3TC 60/30)(LPV/r 100/25)</td></tr><tr><td style="white-space:nowrap">reg044<a name="cs-vn-regimen-reg044"> </a></td><td>(ZDV/3TC 60/30)(LPV/r 80/20mg/ml)</td></tr><tr><td style="white-space:nowrap">reg045<a name="cs-vn-regimen-reg045"> </a></td><td>(ZDV/3TC 60/30)(DTG 50)</td></tr><tr><td style="white-space:nowrap">reg046<a name="cs-vn-regimen-reg046"> </a></td><td>(ABC/3TC 60/30)(RAL 25)</td></tr><tr><td style="white-space:nowrap">reg047<a name="cs-vn-regimen-reg047"> </a></td><td>(ABC/3TC 60/30)(RAL 100)</td></tr></table></div></text><url value="http://openhie.org/fhir/openhie.vn.case-reporting.hiv/CodeSystem/cs-vn-regimen"/><version value="0.1.0-test"/><name value="CSVietnamRegimen"/><title value="CodeSystem Vietnam HIV Regimen"/><status value="active"/><date value="2021-06-23T04:43:25+00:00"/><publisher value="OpenHIE"/><contact><telecom><system value="url"/><value value="http://ohie.org"/></telecom></contact><description value="CodeSystem - Vietnam HIV Regimen"/><jurisdiction><coding><system value="http://unstats.un.org/unsd/methods/m49/m49.htm"/><code value="001"/></coding></jurisdiction><content value="complete"/><count value="47"/><concept><code value="reg001"/><display value="(TDF/3TC/DTG 300/300/50)"/></concept><concept><code value="reg002"/><display value="(TDF/3TC/EFV 300/300/400)"/></concept><concept><code value="reg003"/><display value="(TDF/3TC/EFV 300/300/600)"/></concept><concept><code value="reg004"/><display value="(ZDV/3TC 300/150)(EFV 600)"/></concept><concept><code value="reg005"/><display value="(ZDV/3TC 300/150)(EFV 200)"/></concept><concept><code value="reg006"/><display value="(ZDV/3TC/NVP 300/150/200)"/></concept><concept><code value="reg007"/><display value="(ABC 300)(3TC 150)(DTG 50)"/></concept><concept><code value="reg008"/><display value="(TDF 300)(3TC 150)(RAL 400)"/></concept><concept><code value="reg009"/><display value="(TDF/FTC 300/200)(RAL 400)"/></concept><concept><code value="reg010"/><display value="(TAF 25)(3TC 150)(DTG 50)"/></concept><concept><code value="reg011"/><display value="(TDF/FTC 300/200)(EFV 600)"/></concept><concept><code value="reg012"/><display value="(ZDV/3TC 300/150)(LPV/r 100/25)"/></concept><concept><code value="reg013"/><display value="(ZDV/3TC 300/150)(LPV/r 200/50)"/></concept><concept><code value="reg014"/><display value="(ZDV/3TC 300/150)(DTG 50)"/></concept><concept><code value="reg015"/><display value="(ZDV/3TC 300/150)(ATV 300)(RTV 100)"/></concept><concept><code value="reg016"/><display value="(ZDV/3TC 300/150)(DRV 600)(RTV 100)"/></concept><concept><code value="reg017"/><display value="(TDF/FTC 300/200)(DTG 50)"/></concept><concept><code value="reg018"/><display value="(TDF/FTC 300/200)(ATV 300)(RTV 100)"/></concept><concept><code value="reg019"/><display value="(TDF/FTC 300/200)(DRV 600)(RTV 100)"/></concept><concept><code value="reg020"/><display value="(TDF 300)(3TC 150)(ATV 300)(RTV 100)"/></concept><concept><code value="reg021"/><display value="(TDF 300)(3TC 150)(DRV 600)(RTV 100)"/></concept><concept><code value="reg022"/><display value="(TDF 300)(3TC 150)(LPV/r 100/25)"/></concept><concept><code value="reg023"/><display value="(TDF 300)(3TC 150)(LPV/r 200/50)"/></concept><concept><code value="reg024"/><display value="(TDF 300)(3TC 150)(LPV/r 80/20mg/ml)"/></concept><concept><code value="reg025"/><display value="(TDF/FTC 300/200)(LPV/r 100/25)"/></concept><concept><code value="reg026"/><display value="(TDF/FTC 300/200)(LPV/r 200/50)"/></concept><concept><code value="reg027"/><display value="(TDF/FTC 300/200)(LPV/r 80/20mg/ml)"/></concept><concept><code value="reg028"/><display value="(ABC 300)(ZDV/3TC 300/150)"/></concept><concept><code value="reg029"/><display value="(ABC 300)(ZDV/3TC 60/30)"/></concept><concept><code value="reg030"/><display value="(ABC/3TC 60/30)(DTG 50)"/></concept><concept><code value="reg031"/><display value="(ABC/3TC 60/30)(LPV/r 100/25)"/></concept><concept><code value="reg032"/><display value="(ABC/3TC 60/30)(LPV/r 200/50)"/></concept><concept><code value="reg033"/><display value="(ABC/3TC 60/30)(LPV/r 80/20mg/ml)"/></concept><concept><code value="reg034"/><display value="(ZDV/3TC/NVP 60/30/50)"/></concept><concept><code value="reg035"/><display value="(ABC/3TC 60/30)(EFV 200)"/></concept><concept><code value="reg036"/><display value="(ABC/3TC 60/30)(EFV 200)(EFV 50)"/></concept><concept><code value="reg037"/><display value="(ABC/3TC 60/30)(EFV 50)"/></concept><concept><code value="reg038"/><display value="(ZDV/3TC 60/30)(EFV 200)"/></concept><concept><code value="reg039"/><display value="(ZDV/3TC 60/30)(EFV 200)(EFV 50)"/></concept><concept><code value="reg040"/><display value="(ZDV/3TC 60/30)(EFV 50)"/></concept><concept><code value="reg041"/><display value="(ZDV/3TC 60/30)(RAL 25)"/></concept><concept><code value="reg042"/><display value="(ZDV/3TC 60/30)(RAL 100)"/></concept><concept><code value="reg043"/><display value="(ZDV/3TC 60/30)(LPV/r 100/25)"/></concept><concept><code value="reg044"/><display value="(ZDV/3TC 60/30)(LPV/r 80/20mg/ml)"/></concept><concept><code value="reg045"/><display value="(ZDV/3TC 60/30)(DTG 50)"/></concept><concept><code value="reg046"/><display value="(ABC/3TC 60/30)(RAL 25)"/></concept><concept><code value="reg047"/><display value="(ABC/3TC 60/30)(RAL 100)"/></concept></CodeSystem>