<?xml version="1.0" encoding="UTF-8"?><CodeSystem xmlns="http://hl7.org/fhir"><id value="cs-viralload-group"/><text><status value="generated"/><div xmlns="http://www.w3.org/1999/xhtml"><p>This code system http://openhie.org/fhir/openhie.vn.case-reporting.hiv/CodeSystem/cs-viralload-group defines the following codes:</p><table class="codes"><tr><td style="white-space:nowrap"><b>Code</b></td><td><b>Display</b></td><td><b>Definition</b></td></tr><tr><td style="white-space:nowrap">1<a name="cs-viralload-group-1"> </a></td><td>0-200</td><td>From 0 to 200</td></tr><tr><td style="white-space:nowrap">2<a name="cs-viralload-group-2"> </a></td><td>200-1000</td><td>From 200 to 1000</td></tr><tr><td style="white-space:nowrap">3<a name="cs-viralload-group-3"> </a></td><td>1000-</td><td>Large than 100</td></tr></table></div></text><url value="http://openhie.org/fhir/openhie.vn.case-reporting.hiv/CodeSystem/cs-viralload-group"/><version value="0.1.0-test"/><name value="CSViralLoadGroup"/><title value="Viral Load group"/><status value="active"/><date value="2021-08-03T06:53:00+00:00"/><publisher value="OpenHIE"/><contact><telecom><system value="url"/><value value="http://ohie.org"/></telecom></contact><description value="Codesystem - Viral Load group"/><jurisdiction><coding><system value="http://unstats.un.org/unsd/methods/m49/m49.htm"/><code value="001"/></coding></jurisdiction><content value="complete"/><count value="3"/><concept><code value="1"/><display value="0-200"/><definition value="From 0 to 200"/></concept><concept><code value="2"/><display value="200-1000"/><definition value="From 200 to 1000"/></concept><concept><code value="3"/><display value="1000-"/><definition value="Large than 100"/></concept></CodeSystem>