<?xml version="1.0" encoding="UTF-8"?><CodeSystem xmlns="http://hl7.org/fhir"><id value="cs-hiv-population"/><text><status value="generated"/><div xmlns="http://www.w3.org/1999/xhtml"><p>This code system http://openhie.org/fhir/openhie.vn.case-reporting.hiv/CodeSystem/cs-hiv-population defines the following codes:</p><table class="codes"><tr><td style="white-space:nowrap"><b>Code</b></td><td><b>Display</b></td><td><b>Definition</b></td></tr><tr><td style="white-space:nowrap">1<a name="cs-hiv-population-1"> </a></td><td>Injection drug users</td><td>Injecting drug users</td></tr><tr><td style="white-space:nowrap">2<a name="cs-hiv-population-2"> </a></td><td>FSW</td><td>Female sex workers</td></tr><tr><td style="white-space:nowrap">3<a name="cs-hiv-population-3"> </a></td><td>Pregnant women</td><td>Pregnant women</td></tr><tr><td style="white-space:nowrap">4<a name="cs-hiv-population-4"> </a></td><td>Blood donors</td><td>Blood donors</td></tr><tr><td style="white-space:nowrap">5<a name="cs-hiv-population-5"> </a></td><td>TB patients</td><td>TB patients</td></tr><tr><td style="white-space:nowrap">6<a name="cs-hiv-population-6"> </a></td><td>People with STDs</td><td>People with sexually transmitted diseases</td></tr><tr><td style="white-space:nowrap">7<a name="cs-hiv-population-7"> </a></td><td>Young recruits</td><td>Young recruits for military service</td></tr><tr><td style="white-space:nowrap">8<a name="cs-hiv-population-8"> </a></td><td>MSM</td><td>Men who have sex with men</td></tr><tr><td style="white-space:nowrap">9<a name="cs-hiv-population-9"> </a></td><td>Others</td><td>Others</td></tr></table></div></text><url value="http://openhie.org/fhir/openhie.vn.case-reporting.hiv/CodeSystem/cs-hiv-population"/><version value="0.1.0-test"/><name value="CSHIVPopulation"/><title value="Population groups"/><status value="active"/><date value="2021-05-11T22:16:57+00:00"/><publisher value="OpenHIE"/><contact><telecom><system value="url"/><value value="http://ohie.org"/></telecom></contact><description value="CodeSystem - Population groups - Subjects to be tested for HIV"/><jurisdiction><coding><system value="http://unstats.un.org/unsd/methods/m49/m49.htm"/><code value="001"/></coding></jurisdiction><content value="complete"/><count value="9"/><concept><code value="1"/><display value="Injection drug users"/><definition value="Injecting drug users"/></concept><concept><code value="2"/><display value="FSW"/><definition value="Female sex workers"/></concept><concept><code value="3"/><display value="Pregnant women"/><definition value="Pregnant women"/></concept><concept><code value="4"/><display value="Blood donors"/><definition value="Blood donors"/></concept><concept><code value="5"/><display value="TB patients"/><definition value="TB patients"/></concept><concept><code value="6"/><display value="People with STDs"/><definition value="People with sexually transmitted diseases"/></concept><concept><code value="7"/><display value="Young recruits"/><definition value="Young recruits for military service"/></concept><concept><code value="8"/><display value="MSM"/><definition value="Men who have sex with men"/></concept><concept><code value="9"/><display value="Others"/><definition value="Others"/></concept></CodeSystem>