<?xml version="1.0" encoding="UTF-8"?><CodeSystem xmlns="http://hl7.org/fhir"><id value="cs-recency-result"/><text><status value="generated"/><div xmlns="http://www.w3.org/1999/xhtml"><p>This code system http://openhie.org/fhir/openhie.vn.case-reporting.hiv/CodeSystem/cs-recency-result defines the following codes:</p><table class="codes"><tr><td style="white-space:nowrap"><b>Code</b></td><td><b>Display</b></td></tr><tr><td style="white-space:nowrap">newInfection<a name="cs-recency-result-newInfection"> </a></td><td>New Infection</td></tr><tr><td style="white-space:nowrap">infection<a name="cs-recency-result-infection"> </a></td><td>Infection</td></tr><tr><td style="white-space:nowrap">no<a name="cs-recency-result-no"> </a></td><td>Not infection</td></tr></table><p><b>Additional Language Displays</b></p><table class="codes"><tr><td><b>Code</b></td><td><b>vi</b></td></tr><tr><td>newInfection</td><td>Mới nhiễm</td></tr><tr><td>infection</td><td>Nhiễm lâu</td></tr><tr><td>no</td><td>Không nhiễm</td></tr></table></div></text><url value="http://openhie.org/fhir/openhie.vn.case-reporting.hiv/CodeSystem/cs-recency-result"/><version value="0.1.0-test"/><name value="Recency RITA result"/><status value="draft"/><date value="2021-05-24T07:10:14+00:00"/><publisher value="OpenHIE"/><contact><telecom><system value="url"/><value value="http://ohie.org"/></telecom></contact><jurisdiction><coding><system value="http://unstats.un.org/unsd/methods/m49/m49.htm"/><code value="001"/></coding></jurisdiction><content value="complete"/><concept><code value="newInfection"/><display value="New Infection"/><designation><language value="vi-VN"/><value value="M&#x1EDB;i nhi&#x1EC5;m"/></designation></concept><concept><code value="infection"/><display value="Infection"/><designation><language value="vi-VN"/><value value="Nhi&#x1EC5;m l&#xE2;u"/></designation></concept><concept><code value="no"/><display value="Not infection"/><designation><language value="vi-VN"/><value value="Kh&#xF4;ng nhi&#x1EC5;m"/></designation></concept></CodeSystem>