<?xml version="1.0" encoding="UTF-8"?><ImplementationGuide xmlns="http://hl7.org/fhir"><id value="openhie.vn.case-reporting.hiv"/><text><status value="extensions"/><div xmlns="http://www.w3.org/1999/xhtml"><h2>OpenHIE Vietnam HIV Case-reporting</h2><p>The official URL for this implementation guide is: </p><pre>http://openhie.org/fhir/openhie.vn.case-reporting.hiv/ImplementationGuide/openhie.vn.case-reporting.hiv</pre><div><p>This Implementation Guide describes the requirements and conformance rules for the HIV Case Reporting to use in Vietnam</p>
</div></div></text><url value="http://openhie.org/fhir/openhie.vn.case-reporting.hiv/ImplementationGuide/openhie.vn.case-reporting.hiv"/><version value="0.1.0-test"/><name value="OpenHIE Vietnam HIV Case-reporting"/><title value="HIV Case-reporting for Vietnam - candidate draft"/><status value="draft"/><experimental value="false"/><date value="2021-06-28T12:02:04+00:00"/><publisher value="OpenHIE"/><contact><telecom><system value="url"/><value value="http://ohie.org"/></telecom></contact><description value="This Implementation Guide describes the requirements and conformance rules for the HIV Case Reporting to use in Vietnam "/><jurisdiction><coding><system value="http://unstats.un.org/unsd/methods/m49/m49.htm"/><code value="001"/></coding></jurisdiction><packageId value="openhie.vn.case-reporting.hiv"/><license value="CC0-1.0"/><fhirVersion value="4.0.1"/><dependsOn><uri value="http://hl7.org/fhir/uv/sdc/StructureDefinition/sdc-questionnaireresponse"/><packageId value="hl7.fhir.uv.sdc"/><version value="2.7.0"/></dependsOn><definition><extension url="http://hl7.org/fhir/tools/StructureDefinition/ig-parameter"><extension url="code"><valueString value="copyrightyear"/></extension><extension url="value"><valueString value="2020+"/></extension></extension><extension url="http://hl7.org/fhir/tools/StructureDefinition/ig-parameter"><extension url="code"><valueString value="releaselabel"/></extension><extension url="value"><valueString value="CI Build"/></extension></extension><extension url="http://hl7.org/fhir/tools/StructureDefinition/ig-parameter"><extension url="code"><valueString value="path-binary"/></extension><extension url="value"><valueString value="input\cql"/></extension></extension><extension url="http://hl7.org/fhir/tools/StructureDefinition/ig-parameter"><extension url="code"><valueString value="path-liquid"/></extension><extension url="value"><valueString value="templates\liquid"/></extension></extension><extension url="http://hl7.org/fhir/tools/StructureDefinition/ig-parameter"><extension url="code"><valueString value="excludettl"/></extension><extension url="value"><valueString value="true"/></extension></extension><extension url="http://hl7.org/fhir/tools/StructureDefinition/ig-parameter"><extension url="code"><valueString value="autoload-resources"/></extension><extension url="value"><valueString value="true"/></extension></extension><extension url="http://hl7.org/fhir/tools/StructureDefinition/ig-parameter"><extension url="code"><valueString value="path-liquid"/></extension><extension url="value"><valueString value="template/liquid"/></extension></extension><extension url="http://hl7.org/fhir/tools/StructureDefinition/ig-parameter"><extension url="code"><valueString value="path-liquid"/></extension><extension url="value"><valueString value="input/liquid"/></extension></extension><extension url="http://hl7.org/fhir/tools/StructureDefinition/ig-parameter"><extension url="code"><valueString value="path-qa"/></extension><extension url="value"><valueString value="temp/qa"/></extension></extension><extension url="http://hl7.org/fhir/tools/StructureDefinition/ig-parameter"><extension url="code"><valueString value="path-temp"/></extension><extension url="value"><valueString value="temp/pages"/></extension></extension><extension url="http://hl7.org/fhir/tools/StructureDefinition/ig-parameter"><extension url="code"><valueString value="path-output"/></extension><extension url="value"><valueString value="output"/></extension></extension><extension url="http://hl7.org/fhir/tools/StructureDefinition/ig-parameter"><extension url="code"><valueString value="path-suppressed-warnings"/></extension><extension url="value"><valueString value="input/ignoreWarnings.txt"/></extension></extension><extension url="http://hl7.org/fhir/tools/StructureDefinition/ig-parameter"><extension url="code"><valueString value="path-history"/></extension><extension url="value"><valueString value="http://openhie.org/fhir/openhie.vn.case-reporting.hiv/history.html"/></extension></extension><extension url="http://hl7.org/fhir/tools/StructureDefinition/ig-parameter"><extension url="code"><valueString value="template-html"/></extension><extension url="value"><valueString value="template-page.html"/></extension></extension><extension url="http://hl7.org/fhir/tools/StructureDefinition/ig-parameter"><extension url="code"><valueString value="template-md"/></extension><extension url="value"><valueString value="template-page-md.html"/></extension></extension><extension url="http://hl7.org/fhir/tools/StructureDefinition/ig-parameter"><extension url="code"><valueString value="apply-contact"/></extension><extension url="value"><valueString value="true"/></extension></extension><extension url="http://hl7.org/fhir/tools/StructureDefinition/ig-parameter"><extension url="code"><valueString value="apply-context"/></extension><extension url="value"><valueString value="true"/></extension></extension><extension url="http://hl7.org/fhir/tools/StructureDefinition/ig-parameter"><extension url="code"><valueString value="apply-copyright"/></extension><extension url="value"><valueString value="true"/></extension></extension><extension url="http://hl7.org/fhir/tools/StructureDefinition/ig-parameter"><extension url="code"><valueString value="apply-jurisdiction"/></extension><extension url="value"><valueString value="true"/></extension></extension><extension url="http://hl7.org/fhir/tools/StructureDefinition/ig-parameter"><extension url="code"><valueString value="apply-license"/></extension><extension url="value"><valueString value="true"/></extension></extension><extension url="http://hl7.org/fhir/tools/StructureDefinition/ig-parameter"><extension url="code"><valueString value="apply-publisher"/></extension><extension url="value"><valueString value="true"/></extension></extension><extension url="http://hl7.org/fhir/tools/StructureDefinition/ig-parameter"><extension url="code"><valueString value="apply-version"/></extension><extension url="value"><valueString value="true"/></extension></extension><extension url="http://hl7.org/fhir/tools/StructureDefinition/ig-parameter"><extension url="code"><valueString value="active-tables"/></extension><extension url="value"><valueString value="true"/></extension></extension><grouping id="-str-questionnaire"><name value="Structures: Questionnaires"/><description value="These define forms used by systems conforming to this implementation guide to capture or expose data to end users"/></grouping><grouping id="-str-profile"><name value="Structures: Resource Profiles"/><description value="These define constraints on FHIR resources for systems conforming to this implementation guide"/></grouping><grouping id="-str-extension"><name value="Structures: Extension Definitions"/><description value="These define constraints on FHIR data types for systems conforming to this implementation guide"/></grouping><grouping id="-term-valueset"><name value="Terminology: Value Sets"/><description value="These define sets of codes used by systems conforming to this implementation guide"/></grouping><grouping id="-term-codesystem"><name value="Terminology: Code Systems"/><description value="These define new code systems used by systems conforming to this implementation guide"/></grouping><grouping id="-term-namingsystem"><name value="Terminology: Naming Systems"/><description value="These define identifier and/or code system identities used by systems conforming to this implementation guide"/></grouping><grouping id="-ex-example"><name value="Example: Example Instances"/><description value="These are example instances that show what data produced and consumed by systems conforming with this implementation guide might look like"/></grouping><grouping id="-other"><name value="Other"/><description value="These are resources that are used within this implementation guide that do not fit into one of the other categories"/></grouping><resource><extension url="http://hl7.org/fhir/StructureDefinition/implementationguide-page"><valueUri value="Observation-an-aids-diagnosis-observation.html"/></extension><reference><reference value="Observation/an-aids-diagnosis-observation"/></reference><name value="Example Observation - an-aids-diagnosis-observation"/><exampleCanonical value="http://openhie.org/fhir/openhie.vn.case-reporting.hiv/StructureDefinition/aids-diagnosis-observation"/><groupingId value="-ex-example"/></resource><resource><extension url="http://hl7.org/fhir/StructureDefinition/implementationguide-page"><valueUri value="StructureDefinition-pregnancy-status.html"/></extension><reference><reference value="StructureDefinition/pregnancy-status"/></reference><name value="Pregnancy status"/><description value="Pregnancy status."/><groupingId value="-str-profile"/></resource><resource><extension url="http://hl7.org/fhir/StructureDefinition/implementationguide-page"><valueUri value="CodeSystem-cs-hiv-rapidtestresults.html"/></extension><reference><reference value="CodeSystem/cs-hiv-rapidtestresults"/></reference><name value="Codesystem Rapid test results"/><description value="CodeSystem - Recency rapid test results for HIV"/><groupingId value="-term-codesystem"/></resource><resource><extension url="http://hl7.org/fhir/StructureDefinition/implementationguide-page"><valueUri value="StructureDefinition-hiv-transmission-route.html"/></extension><reference><reference value="StructureDefinition/hiv-transmission-route"/></reference><name value="HIV Transmission route"/><description value="This profile allows the patient&#39;s transmission route"/><groupingId value="-str-profile"/></resource><resource><extension url="http://hl7.org/fhir/StructureDefinition/implementationguide-page"><valueUri value="StructureDefinition-hiv-condition.html"/></extension><reference><reference value="StructureDefinition/hiv-condition"/></reference><name value="HIV Condition"/><description value="This profile allows the exchange of a patient&#39;s hiv diagnosis"/><groupingId value="-str-profile"/></resource><resource><extension url="http://hl7.org/fhir/StructureDefinition/implementationguide-page"><valueUri value="CarePlan-a-treatment-record.html"/></extension><reference><reference value="CarePlan/a-treatment-record"/></reference><name value="Example CarePlan - a-treatment-record"/><exampleCanonical value="http://openhie.org/fhir/openhie.vn.case-reporting.hiv/StructureDefinition/hiv-treatment-process"/><groupingId value="-ex-example"/></resource><resource><extension url="http://hl7.org/fhir/StructureDefinition/implementationguide-page"><valueUri value="ValueSet-vs-hiv-rapidtestresults.html"/></extension><reference><reference value="ValueSet/vs-hiv-rapidtestresults"/></reference><name value="Valueset Rapid test results"/><description value="Valueset - Recency rapid test results"/><groupingId value="-term-valueset"/></resource><resource><extension url="http://hl7.org/fhir/StructureDefinition/implementationguide-page"><valueUri value="StructureDefinition-hiv-viral-load.html"/></extension><reference><reference value="StructureDefinition/hiv-viral-load"/></reference><name value="HIV viral load"/><description value="HIV viral load."/><groupingId value="-str-profile"/></resource><resource><extension url="http://hl7.org/fhir/StructureDefinition/implementationguide-page"><valueUri value="Observation-a-hiv-cd4-observation.html"/></extension><reference><reference value="Observation/a-hiv-cd4-observation"/></reference><name value="Example Observation - a-hiv-cd4-observation"/><exampleCanonical value="http://openhie.org/fhir/openhie.vn.case-reporting.hiv/StructureDefinition/hiv-cd4-observation"/><groupingId value="-ex-example"/></resource><resource><extension url="http://hl7.org/fhir/StructureDefinition/implementationguide-page"><valueUri value="CodeSystem-cs-viralload-indications.html"/></extension><reference><reference value="CodeSystem/cs-viralload-indications"/></reference><name value="Viralload Indications"/><description value="CodeSystem - Indications"/><groupingId value="-term-codesystem"/></resource><resource><extension url="http://hl7.org/fhir/StructureDefinition/implementationguide-page"><valueUri value="StructureDefinition-arv-therapy-summary.html"/></extension><reference><reference value="StructureDefinition/arv-therapy-summary"/></reference><name value="ART therapy summary"/><description value="ART therapy summary."/><groupingId value="-str-profile"/></resource><resource><extension url="http://hl7.org/fhir/StructureDefinition/implementationguide-page"><valueUri value="ValueSet-vs-hiv-reasonvltest.html"/></extension><reference><reference value="ValueSet/vs-hiv-reasonvltest"/></reference><name value="Valueset Reason for VL test"/><description value="Valueset - Reason for VL test"/><groupingId value="-term-valueset"/></resource><resource><extension url="http://hl7.org/fhir/StructureDefinition/implementationguide-page"><valueUri value="ValueSet-vs-hiv-pregnancy-outcome.html"/></extension><reference><reference value="ValueSet/vs-hiv-pregnancy-outcome"/></reference><name value="HIV Pregnancy outcome"/><description value="Valueset - Pregnancy Outcome"/><groupingId value="-term-valueset"/></resource><resource><extension url="http://hl7.org/fhir/StructureDefinition/implementationguide-page"><valueUri value="StructureDefinition-hiv-treatment-process.html"/></extension><reference><reference value="StructureDefinition/hiv-treatment-process"/></reference><name value="HIV Treatment"/><description value="This profile allows the exchange of a patient&#39;s treatment"/><groupingId value="-str-profile"/></resource><resource><extension url="http://hl7.org/fhir/StructureDefinition/implementationguide-page"><valueUri value="CodeSystem-cs-pregnancy-outcome.html"/></extension><reference><reference value="CodeSystem/cs-pregnancy-outcome"/></reference><groupingId value="-term-codesystem"/></resource><resource><extension url="http://hl7.org/fhir/StructureDefinition/implementationguide-page"><valueUri value="ValueSet-vs-hiv-population.html"/></extension><reference><reference value="ValueSet/vs-hiv-population"/></reference><name value="Risk Population relevant for HIV"/><description value="Valueset - Risk population relevant for HIV"/><groupingId value="-term-valueset"/></resource><resource><extension url="http://hl7.org/fhir/StructureDefinition/implementationguide-page"><valueUri value="ValueSet-vs-patient-gender.html"/></extension><reference><reference value="ValueSet/vs-patient-gender"/></reference><name value="Patient Gender"/><description value="Valueset - patient genders"/><groupingId value="-term-valueset"/></resource><resource><extension url="http://hl7.org/fhir/StructureDefinition/implementationguide-page"><valueUri value="CodeSystem-cs-treatment-status.html"/></extension><reference><reference value="CodeSystem/cs-treatment-status"/></reference><groupingId value="-term-codesystem"/></resource><resource><extension url="http://hl7.org/fhir/StructureDefinition/implementationguide-page"><valueUri value="CodeSystem-cs-patient-communication-preferences.html"/></extension><reference><reference value="CodeSystem/cs-patient-communication-preferences"/></reference><name value="Patient Communication Preferences"/><description value="The way the patient prefers to be contacted"/><groupingId value="-term-codesystem"/></resource><resource><extension url="http://hl7.org/fhir/StructureDefinition/implementationguide-page"><valueUri value="CodeSystem-cs-patient-gender-identity.html"/></extension><reference><reference value="CodeSystem/cs-patient-gender-identity"/></reference><name value="Patient Gender Identity"/><description value="A list of genders that the patient may identify with"/><groupingId value="-term-codesystem"/></resource><resource><extension url="http://hl7.org/fhir/StructureDefinition/implementationguide-page"><valueUri value="NamingSystem-NationalPatientIdentifier9Digit.html"/></extension><reference><reference value="NamingSystem/NationalPatientIdentifier9Digit"/></reference><groupingId value="-term-namingsystem"/></resource><resource><extension url="http://hl7.org/fhir/StructureDefinition/implementationguide-page"><valueUri value="ValueSet-cs-viralload-indications.html"/></extension><reference><reference value="ValueSet/cs-viralload-indications"/></reference><name value="Viralload Indications"/><description value="Valueset - cs-viralload-indications"/><groupingId value="-term-valueset"/></resource><resource><extension url="http://hl7.org/fhir/StructureDefinition/implementationguide-page"><valueUri value="ValueSet-vs-arv-treatment-status.html"/></extension><reference><reference value="ValueSet/vs-arv-treatment-status"/></reference><name value="Arv treatment Status"/><description value="Valueset - ARV treatment Status"/><groupingId value="-term-valueset"/></resource><resource><extension url="http://hl7.org/fhir/StructureDefinition/implementationguide-page"><valueUri value="ValueSet-vs-viralload-group.html"/></extension><reference><reference value="ValueSet/vs-viralload-group"/></reference><name value="Viral Load group"/><description value="Valueset - Viral Load group"/><groupingId value="-term-valueset"/></resource><resource><extension url="http://hl7.org/fhir/StructureDefinition/implementationguide-page"><valueUri value="CodeSystem-cs-regimen-change-reason.html"/></extension><reference><reference value="CodeSystem/cs-regimen-change-reason"/></reference><name value="Reason for regimen change"/><description value="Reason for regimen change"/><groupingId value="-term-codesystem"/></resource><resource><extension url="http://hl7.org/fhir/StructureDefinition/implementationguide-page"><valueUri value="CodeSystem-cs-hiv-treatmentstopreason.html"/></extension><reference><reference value="CodeSystem/cs-hiv-treatmentstopreason"/></reference><name value="Codesystem Reason to stop treatment at facility"/><description value="CodeSystem - &#x9;Reason to stop treatment at facility"/><groupingId value="-term-codesystem"/></resource><resource><extension url="http://hl7.org/fhir/StructureDefinition/implementationguide-page"><valueUri value="ValueSet-vs-vn-ethnicity.html"/></extension><reference><reference value="ValueSet/vs-vn-ethnicity"/></reference><name value="Valueset Vietnam Ethnicity"/><description value="Valueset - Vietnam Ethnicity"/><groupingId value="-term-valueset"/></resource><resource><extension url="http://hl7.org/fhir/StructureDefinition/implementationguide-page"><valueUri value="StructureDefinition-hiv-patient.html"/></extension><reference><reference value="StructureDefinition/hiv-patient"/></reference><name value="HIV Patient"/><description value="This Patient profile allows the exchange of patient information, including all the data associated with HIV patients"/><groupingId value="-str-profile"/></resource><resource><extension url="http://hl7.org/fhir/StructureDefinition/implementationguide-page"><valueUri value="StructureDefinition-hiv-risk-behavior.html"/></extension><reference><reference value="StructureDefinition/hiv-risk-behavior"/></reference><name value="HIV Risk Behavior"/><description value="This profile allows the exchange of patient&#39;s risk behaviors"/><groupingId value="-str-profile"/></resource><resource><extension url="http://hl7.org/fhir/StructureDefinition/implementationguide-page"><valueUri value="StructureDefinition-ext-vn-ethnicity.html"/></extension><reference><reference value="StructureDefinition/ext-vn-ethnicity"/></reference><name value="Vietnam Ethnicity "/><description value="Vietnam Ethnicity"/><groupingId value="-str-extension"/></resource><resource><extension url="http://hl7.org/fhir/StructureDefinition/implementationguide-page"><valueUri value="StructureDefinition-hiv-treatment-methadone-process.html"/></extension><reference><reference value="StructureDefinition/hiv-treatment-methadone-process"/></reference><name value="Methadon Treatment"/><description value="This profile allows to add methadone status"/><groupingId value="-str-profile"/></resource><resource><extension url="http://hl7.org/fhir/StructureDefinition/implementationguide-page"><valueUri value="ValueSet-vs-hiv-risk-behavior.html"/></extension><reference><reference value="ValueSet/vs-hiv-risk-behavior"/></reference><name value="Risk Behavior"/><description value="ValueSet - Behavior associated with risk of HIV transmission"/><groupingId value="-term-valueset"/></resource><resource><extension url="http://hl7.org/fhir/StructureDefinition/implementationguide-page"><valueUri value="ValueSet-vs-hiv-occupation.html"/></extension><reference><reference value="ValueSet/vs-hiv-occupation"/></reference><name value="Occupation Value Set "/><description value="ValueSet - Occupation"/><groupingId value="-term-valueset"/></resource><resource><extension url="http://hl7.org/fhir/StructureDefinition/implementationguide-page"><valueUri value="ValueSet-vs-type-of-contact.html"/></extension><reference><reference value="ValueSet/vs-type-of-contact"/></reference><name value="Type of contact or relationship"/><description value="Type of contact or relationship"/><groupingId value="-term-valueset"/></resource><resource><extension url="http://hl7.org/fhir/StructureDefinition/implementationguide-page"><valueUri value="ValueSet-vs-recency-rtri.html"/></extension><reference><reference value="ValueSet/vs-recency-rtri"/></reference><name value="Recency RITA result"/><description value="Valueset - Recency RITI result"/><groupingId value="-term-valueset"/></resource><resource><extension url="http://hl7.org/fhir/StructureDefinition/implementationguide-page"><valueUri value="ValueSet-vs-recency-rita.html"/></extension><reference><reference value="ValueSet/vs-recency-rita"/></reference><name value="Recency RITA result"/><description value="Valueset - Recency RITA result"/><groupingId value="-term-valueset"/></resource><resource><extension url="http://hl7.org/fhir/StructureDefinition/implementationguide-page"><valueUri value="ValueSet-vs-regimen-change-reason.html"/></extension><reference><reference value="ValueSet/vs-regimen-change-reason"/></reference><name value="Reason for regimen change"/><description value="Reason for regimen change"/><groupingId value="-term-valueset"/></resource><resource><extension url="http://hl7.org/fhir/StructureDefinition/implementationguide-page"><valueUri value="StructureDefinition-hiv-diagnosis-observation.html"/></extension><reference><reference value="StructureDefinition/hiv-diagnosis-observation"/></reference><name value="HIV Diagnosis result"/><description value="This profile allows the exchange of a patient&#39;s hiv recency test"/><groupingId value="-str-profile"/></resource><resource><extension url="http://hl7.org/fhir/StructureDefinition/implementationguide-page"><valueUri value="ValueSet-vs-treatment-category.html"/></extension><reference><reference value="ValueSet/vs-treatment-category"/></reference><name value="Category of the treatment"/><description value="Valueset - Category of the treatment"/><groupingId value="-term-valueset"/></resource><resource><extension url="http://hl7.org/fhir/StructureDefinition/implementationguide-page"><valueUri value="ValueSet-vs-vn-whostage.html"/></extension><reference><reference value="ValueSet/vs-vn-whostage"/></reference><name value="ValueSet WHO Stage "/><description value="ValueSet - WHO Stage"/><groupingId value="-term-valueset"/></resource><resource><extension url="http://hl7.org/fhir/StructureDefinition/implementationguide-page"><valueUri value="CodeSystem-cs-hiv-reasonvltest.html"/></extension><reference><reference value="CodeSystem/cs-hiv-reasonvltest"/></reference><name value="Codesystem Reason for VL test"/><description value="CodeSystem - Reason for VL test"/><groupingId value="-term-codesystem"/></resource><resource><extension url="http://hl7.org/fhir/StructureDefinition/implementationguide-page"><valueUri value="Observation-a-hiv-diagnosis-observation.html"/></extension><reference><reference value="Observation/a-hiv-diagnosis-observation"/></reference><name value="Example Observation - a-hiv-diagnosis-observation"/><exampleCanonical value="http://openhie.org/fhir/openhie.vn.case-reporting.hiv/StructureDefinition/hiv-diagnosis-observation"/><groupingId value="-ex-example"/></resource><resource><extension url="http://hl7.org/fhir/StructureDefinition/implementationguide-page"><valueUri value="ValueSet-vs-diagnosis-results.html"/></extension><reference><reference value="ValueSet/vs-diagnosis-results"/></reference><name value="VSDiagnosisResults"/><groupingId value="-term-valueset"/></resource><resource><extension url="http://hl7.org/fhir/StructureDefinition/implementationguide-page"><valueUri value="CodeSystem-cs-vn-regimen.html"/></extension><reference><reference value="CodeSystem/cs-vn-regimen"/></reference><name value="CodeSystem Vietnam HIV Regimen"/><description value="CodeSystem - Vietnam HIV Regimen"/><groupingId value="-term-codesystem"/></resource><resource><extension url="http://hl7.org/fhir/StructureDefinition/implementationguide-page"><valueUri value="StructureDefinition-hiv-specimen.html"/></extension><reference><reference value="StructureDefinition/hiv-specimen"/></reference><name value="HIV specimen"/><description value="The specimen used for the result"/><groupingId value="-str-profile"/></resource><resource><extension url="http://hl7.org/fhir/StructureDefinition/implementationguide-page"><valueUri value="StructureDefinition-hiv-treatment-tb-process.html"/></extension><reference><reference value="StructureDefinition/hiv-treatment-tb-process"/></reference><name value="TB Treatment"/><description value="This profile allows to add tuberculosis status"/><groupingId value="-str-profile"/></resource><resource><extension url="http://hl7.org/fhir/StructureDefinition/implementationguide-page"><valueUri value="CodeSystem-cs-vn-ethnicity.html"/></extension><reference><reference value="CodeSystem/cs-vn-ethnicity"/></reference><name value="CodeSystem Vietnam Ethnicity"/><description value="CodeSystem of Vietnam included  54 ethnic groups in Vietnam recognized by the Vietnamese government"/><groupingId value="-term-codesystem"/></resource><resource><extension url="http://hl7.org/fhir/StructureDefinition/implementationguide-page"><valueUri value="CodeSystem-cs-hiv-occupation.html"/></extension><reference><reference value="CodeSystem/cs-hiv-occupation"/></reference><name value="CodeSystem Occupation"/><description value="CodeSystem - Occupation"/><groupingId value="-term-codesystem"/></resource><resource><extension url="http://hl7.org/fhir/StructureDefinition/implementationguide-page"><valueUri value="CodeSystem-type-of-contact.html"/></extension><reference><reference value="CodeSystem/type-of-contact"/></reference><name value="Type of contact or relationship"/><description value="Type of contact or relationship"/><groupingId value="-term-codesystem"/></resource><resource><extension url="http://hl7.org/fhir/StructureDefinition/implementationguide-page"><valueUri value="CodeSystem-cs-vn-regimenline.html"/></extension><reference><reference value="CodeSystem/cs-vn-regimenline"/></reference><name value="CodeSystem Vietnam HIV Regimen Line"/><description value="CodeSystem - Vietnam HIV Regimen Line"/><groupingId value="-term-codesystem"/></resource><resource><extension url="http://hl7.org/fhir/StructureDefinition/implementationguide-page"><valueUri value="CodeSystem-cs-arv-treatment-status.html"/></extension><reference><reference value="CodeSystem/cs-arv-treatment-status"/></reference><groupingId value="-term-codesystem"/></resource><resource><extension url="http://hl7.org/fhir/StructureDefinition/implementationguide-page"><valueUri value="ValueSet-vs-hiv-transmission-route.html"/></extension><reference><reference value="ValueSet/vs-hiv-transmission-route"/></reference><name value="HIV Transmission Route"/><description value="Valueset - Route of HIV transmission"/><groupingId value="-term-valueset"/></resource><resource><extension url="http://hl7.org/fhir/StructureDefinition/implementationguide-page"><valueUri value="ValueSet-vs-hiv-reasoncd4test.html"/></extension><reference><reference value="ValueSet/vs-hiv-reasoncd4test"/></reference><name value="Valueset Reason for CD4 test"/><description value="Valueset - Reason for CD4 test"/><groupingId value="-term-valueset"/></resource><resource><extension url="http://hl7.org/fhir/StructureDefinition/implementationguide-page"><valueUri value="CodeSystem-cs-hiv-common.html"/></extension><reference><reference value="CodeSystem/cs-hiv-common"/></reference><groupingId value="-term-codesystem"/></resource><resource><extension url="http://hl7.org/fhir/StructureDefinition/implementationguide-page"><valueUri value="ValueSet-vs-common-date.html"/></extension><reference><reference value="ValueSet/vs-common-date"/></reference><description value="Define common event date"/><groupingId value="-term-valueset"/></resource><resource><extension url="http://hl7.org/fhir/StructureDefinition/implementationguide-page"><valueUri value="ValueSet-vs-hiv-treatmentstopreason.html"/></extension><reference><reference value="ValueSet/vs-hiv-treatmentstopreason"/></reference><name value="Valueset Reason to stop treatment at facility"/><description value="Valueset - Reason to stop treatment at facility"/><groupingId value="-term-valueset"/></resource><resource><extension url="http://hl7.org/fhir/StructureDefinition/implementationguide-page"><valueUri value="Observation-a-pregnancy-status.html"/></extension><reference><reference value="Observation/a-pregnancy-status"/></reference><name value="Example Observation - a-pregnancy-status"/><exampleCanonical value="http://openhie.org/fhir/openhie.vn.case-reporting.hiv/StructureDefinition/pregnancy-status"/><groupingId value="-ex-example"/></resource><resource><extension url="http://hl7.org/fhir/StructureDefinition/implementationguide-page"><valueUri value="ValueSet-vs-hiv-recentinfection.html"/></extension><reference><reference value="ValueSet/vs-hiv-recentinfection"/></reference><name value="Valueset Recent infection conclusion"/><description value="Valueset - Recent infection conclusion"/><groupingId value="-term-valueset"/></resource><resource><extension url="http://hl7.org/fhir/StructureDefinition/implementationguide-page"><valueUri value="CodeSystem-cs-hiv-risk-behavior.html"/></extension><reference><reference value="CodeSystem/cs-hiv-risk-behavior"/></reference><name value="Risk Behavior"/><description value="CodeSystem - Behavior associated with risk of HIV transmission"/><groupingId value="-term-codesystem"/></resource><resource><extension url="http://hl7.org/fhir/StructureDefinition/implementationguide-page"><valueUri value="ValueSet-vs-vn-regimenline.html"/></extension><reference><reference value="ValueSet/vs-vn-regimenline"/></reference><name value="ValueSet Vietnam HIV Regimen Line "/><description value="ValueSet - Vietnam HIV Regimen Line"/><groupingId value="-term-valueset"/></resource><resource><extension url="http://hl7.org/fhir/StructureDefinition/implementationguide-page"><valueUri value="ValueSet-vs-vn-regimen.html"/></extension><reference><reference value="ValueSet/vs-vn-regimen"/></reference><name value="ValueSet Vietnam HIV Regimen"/><description value="ValueSet - Vietnam HIV Regimen"/><groupingId value="-term-valueset"/></resource><resource><extension url="http://hl7.org/fhir/StructureDefinition/implementationguide-page"><valueUri value="ValueSet-vs-hiv-sympthoms.html"/></extension><reference><reference value="ValueSet/vs-hiv-sympthoms"/></reference><groupingId value="-term-valueset"/></resource><resource><extension url="http://hl7.org/fhir/StructureDefinition/implementationguide-page"><valueUri value="CodeSystem-cs-hiv-reasoncd4test.html"/></extension><reference><reference value="CodeSystem/cs-hiv-reasoncd4test"/></reference><name value="Codesystem Reason for CD4 test"/><description value="CodeSystem - Reason for CD4 test"/><groupingId value="-term-codesystem"/></resource><resource><extension url="http://hl7.org/fhir/StructureDefinition/implementationguide-page"><valueUri value="Questionnaire-vn-hiv-csv-import-questionnaire.html"/></extension><reference><reference value="Questionnaire/vn-hiv-csv-import-questionnaire"/></reference><name value="HIV Case surveillance import"/><description value="HIV Case surveillance data import structure"/><groupingId value="-str-questionnaire"/></resource><resource><extension url="http://hl7.org/fhir/StructureDefinition/implementationguide-page"><valueUri value="Bundle-examplebundle.html"/></extension><reference><reference value="Bundle/examplebundle"/></reference><name value="Example Bundle - examplebundle"/><exampleCanonical value="http://openhie.org/fhir/openhie.vn.case-reporting.hiv/StructureDefinition/hiv-condition"/><groupingId value="-ex-example"/></resource><resource><extension url="http://hl7.org/fhir/StructureDefinition/implementationguide-page"><valueUri value="StructureDefinition-vn-administrative-address.html"/></extension><reference><reference value="StructureDefinition/vn-administrative-address"/></reference><name value="Vietnam Administrative Address"/><description value="Vietnam Administrative Address."/><groupingId value="-str-extension"/></resource><resource><extension url="http://hl7.org/fhir/StructureDefinition/implementationguide-page"><valueUri value="ValueSet-VSDateComponent.html"/></extension><reference><reference value="ValueSet/VSDateComponent"/></reference><name value="Date component of pregnancy"/><description value="Date component of pregnancy associated with HIV case"/><groupingId value="-term-valueset"/></resource><resource><extension url="http://hl7.org/fhir/StructureDefinition/implementationguide-page"><valueUri value="CodeSystem-cs-recency-result.html"/></extension><reference><reference value="CodeSystem/cs-recency-result"/></reference><groupingId value="-term-codesystem"/></resource><resource><extension url="http://hl7.org/fhir/StructureDefinition/implementationguide-page"><valueUri value="ValueSet-vs-patient-gender-identity.html"/></extension><reference><reference value="ValueSet/vs-patient-gender-identity"/></reference><name value="Patient Gender Identity"/><description value="Valueset - patient gender identities"/><groupingId value="-term-valueset"/></resource><resource><extension url="http://hl7.org/fhir/StructureDefinition/implementationguide-page"><valueUri value="CodeSystem-cs-hiv-population.html"/></extension><reference><reference value="CodeSystem/cs-hiv-population"/></reference><name value="Population groups"/><description value="CodeSystem - Population groups - Subjects to be tested for HIV"/><groupingId value="-term-codesystem"/></resource><resource><extension url="http://hl7.org/fhir/StructureDefinition/implementationguide-page"><valueUri value="StructureDefinition-hiv-key-population.html"/></extension><reference><reference value="StructureDefinition/hiv-key-population"/></reference><name value="HIV key population"/><description value="This profile allows the patient&#39;s key population"/><groupingId value="-str-profile"/></resource><resource><extension url="http://hl7.org/fhir/StructureDefinition/implementationguide-page"><valueUri value="CodeSystem-cs-hiv-recentinfection.html"/></extension><reference><reference value="CodeSystem/cs-hiv-recentinfection"/></reference><name value="Codesystem Recent infection conclusion"/><description value="CodeSystem - RRecent infection conclusion"/><groupingId value="-term-codesystem"/></resource><resource><extension url="http://hl7.org/fhir/StructureDefinition/implementationguide-page"><valueUri value="StructureDefinition-hiv-recency-result.html"/></extension><reference><reference value="StructureDefinition/hiv-recency-result"/></reference><name value="HIV Recency result"/><description value="This profile allows the exchange of a patient&#39;s hiv recency test"/><groupingId value="-str-profile"/></resource><resource><extension url="http://hl7.org/fhir/StructureDefinition/implementationguide-page"><valueUri value="CodeSystem-cs-treatment-patient-category.html"/></extension><reference><reference value="CodeSystem/cs-treatment-patient-category"/></reference><groupingId value="-term-codesystem"/></resource><resource><extension url="http://hl7.org/fhir/StructureDefinition/implementationguide-page"><valueUri value="Observation-a-hiv-viral-load.html"/></extension><reference><reference value="Observation/a-hiv-viral-load"/></reference><name value="Example Observation - a-hiv-viral-load"/><exampleCanonical value="http://openhie.org/fhir/openhie.vn.case-reporting.hiv/StructureDefinition/hiv-viral-load"/><groupingId value="-ex-example"/></resource><resource><extension url="http://hl7.org/fhir/StructureDefinition/implementationguide-page"><valueUri value="Questionnaire-hiv-case-report-questionnaire.html"/></extension><reference><reference value="Questionnaire/hiv-case-report-questionnaire"/></reference><groupingId value="-str-questionnaire"/></resource><resource><extension url="http://hl7.org/fhir/StructureDefinition/implementationguide-page"><valueUri value="ValueSet-vs-cause-of-death.html"/></extension><reference><reference value="ValueSet/vs-cause-of-death"/></reference><name value="Cause of death"/><description value="Cause of death"/><groupingId value="-term-valueset"/></resource><resource><extension url="http://hl7.org/fhir/StructureDefinition/implementationguide-page"><valueUri value="ValueSet-vs-patient-communication-preferences.html"/></extension><reference><reference value="ValueSet/vs-patient-communication-preferences"/></reference><name value="Patient Communication Preferences"/><description value="Valueset - Patient Communication Preferences"/><groupingId value="-term-valueset"/></resource><resource><extension url="http://hl7.org/fhir/StructureDefinition/implementationguide-page"><valueUri value="ValueSet-vs-vn-administrativeaddress.html"/></extension><reference><reference value="ValueSet/vs-vn-administrativeaddress"/></reference><name value="Vietnam Administrative Address"/><description value="Th&#xF4;ng tin &#x111;&#x1ECB;a danh h&#xE0;nh ch&#xED;nh - Theo ban h&#xE0;nh Danh m&#x1EE5;c D&#xE2;n t&#x1ED9;c c&#x1EE7;a T&#x1ED5;ng c&#x1EE5;c th&#x1ED1;ng k&#xEA;"/><groupingId value="-term-valueset"/></resource><resource><extension url="http://hl7.org/fhir/StructureDefinition/implementationguide-page"><valueUri value="CodeSystem-cs-viralload-group.html"/></extension><reference><reference value="CodeSystem/cs-viralload-group"/></reference><name value="Viral Load group"/><description value="Codesystem - Viral Load group"/><groupingId value="-term-codesystem"/></resource><resource><extension url="http://hl7.org/fhir/StructureDefinition/implementationguide-page"><valueUri value="Observation-a-recency-result.html"/></extension><reference><reference value="Observation/a-recency-result"/></reference><name value="Example Observation - a-recency-result"/><exampleCanonical value="http://openhie.org/fhir/openhie.vn.case-reporting.hiv/StructureDefinition/hiv-recency-result"/><groupingId value="-ex-example"/></resource><resource><extension url="http://hl7.org/fhir/StructureDefinition/implementationguide-page"><valueUri value="StructureDefinition-hiv-treatment-hepatitis-process.html"/></extension><reference><reference value="StructureDefinition/hiv-treatment-hepatitis-process"/></reference><name value="Hepatitis Treatment"/><description value="This profile allows to add hepatitis status"/><groupingId value="-str-profile"/></resource><resource><extension url="http://hl7.org/fhir/StructureDefinition/implementationguide-page"><valueUri value="CodeSystem-cs-gender.html"/></extension><reference><reference value="CodeSystem/cs-gender"/></reference><groupingId value="-term-codesystem"/></resource><resource><extension url="http://hl7.org/fhir/StructureDefinition/implementationguide-page"><valueUri value="QuestionnaireResponse-exampleresponse.html"/></extension><reference><reference value="QuestionnaireResponse/exampleresponse"/></reference><groupingId value="-other"/></resource><resource><extension url="http://hl7.org/fhir/StructureDefinition/implementationguide-page"><valueUri value="CodeSystem-cs-patient-gender.html"/></extension><reference><reference value="CodeSystem/cs-patient-gender"/></reference><name value="Patient Gender"/><description value="The genders for patients"/><groupingId value="-term-codesystem"/></resource><resource><extension url="http://hl7.org/fhir/StructureDefinition/implementationguide-page"><valueUri value="Patient-test-hiv-patient.html"/></extension><reference><reference value="Patient/test-hiv-patient"/></reference><name value="Example Patient - test-hiv-patient"/><exampleCanonical value="http://openhie.org/fhir/openhie.vn.case-reporting.hiv/StructureDefinition/hiv-patient"/><groupingId value="-ex-example"/></resource><resource><extension url="http://hl7.org/fhir/StructureDefinition/implementationguide-page"><valueUri value="CodeSystem-cs-hiv-transmission-route.html"/></extension><reference><reference value="CodeSystem/cs-hiv-transmission-route"/></reference><name value="HIV Transmission Route"/><description value="CodeSystem - Route of HIV transmission"/><groupingId value="-term-codesystem"/></resource><resource><extension url="http://hl7.org/fhir/StructureDefinition/implementationguide-page"><valueUri value="StructureDefinition-cause-of-death.html"/></extension><reference><reference value="StructureDefinition/cause-of-death"/></reference><name value="Cause of Death for HIV case surveillance"/><description value="Cause of Death for HIV case surveillance"/><groupingId value="-str-profile"/></resource><resource><extension url="http://hl7.org/fhir/StructureDefinition/implementationguide-page"><valueUri value="CodeSystem-cs-cause-of-death.html"/></extension><reference><reference value="CodeSystem/cs-cause-of-death"/></reference><name value="Cause of death"/><description value="Cause of death"/><groupingId value="-term-codesystem"/></resource><resource><extension url="http://hl7.org/fhir/StructureDefinition/implementationguide-page"><valueUri value="CodeSystem-cs-vn-whostage.html"/></extension><reference><reference value="CodeSystem/cs-vn-whostage"/></reference><name value="CodeSystem WHO stage "/><description value="CodeSystem - WHO Stage"/><groupingId value="-term-codesystem"/></resource><resource><extension url="http://hl7.org/fhir/StructureDefinition/implementationguide-page"><valueUri value="StructureDefinition-hiv-cd4-observation.html"/></extension><reference><reference value="StructureDefinition/hiv-cd4-observation"/></reference><name value="CD4 Observation"/><description value="This profile allows the exchange of a patient&#39;s CD$ test and results"/><groupingId value="-str-profile"/></resource><resource><extension url="http://hl7.org/fhir/StructureDefinition/implementationguide-page"><valueUri value="StructureDefinition-aids-diagnosis-observation.html"/></extension><reference><reference value="StructureDefinition/aids-diagnosis-observation"/></reference><name value="AIDS Diagnosis result"/><description value="This profile allows the exchange of a patient&#39;s hiv recency test"/><groupingId value="-str-profile"/></resource><resource><extension url="http://hl7.org/fhir/StructureDefinition/implementationguide-page"><valueUri value="StructureDefinition-ext-specimen-collection-place.html"/></extension><reference><reference value="StructureDefinition/ext-specimen-collection-place"/></reference><name value="Specimen Collection Place"/><description value="Specimen Collection Place."/><groupingId value="-str-extension"/></resource><resource><extension url="http://hl7.org/fhir/StructureDefinition/implementationguide-page"><valueUri value="StructureDefinition-hiv-arv-careplan.html"/></extension><reference><reference value="StructureDefinition/hiv-arv-careplan"/></reference><name value="ARVCarePlan"/><description value="This profile allows the exchange of a patient&#39;s ARV treatment"/><groupingId value="-str-profile"/></resource><page><nameUrl value="toc.html"/><title value="Table of Contents"/><generation value="html"/><page><nameUrl value="index.html"/><title value="MyIG Home Page"/><generation value="html"/></page><page><nameUrl value="references.html"/><title value="References"/><generation value="html"/></page><page><nameUrl value="actors.html"/><title value="Actors"/><generation value="html"/></page><page><nameUrl value="downloads.html"/><title value="Useful Downloads"/><generation value="html"/></page><page><nameUrl value="changes.html"/><title value="IG Change History"/><generation value="html"/></page><page><nameUrl value="artifacts.html"/><title value="Artifacts Summary"/><generation value="html"/><page><nameUrl value="Questionnaire-vn-hiv-csv-import-questionnaire.html"/><title value="HIV Case surveillance import"/><generation value="generated"/></page><page><nameUrl value="Questionnaire-hiv-case-report-questionnaire.html"/><generation value="generated"/></page><page><nameUrl value="StructureDefinition-pregnancy-status.html"/><title value="Pregnancy status"/><generation value="generated"/></page><page><nameUrl value="StructureDefinition-hiv-transmission-route.html"/><title value="HIV Transmission route"/><generation value="generated"/></page><page><nameUrl value="StructureDefinition-hiv-condition.html"/><title value="HIV Condition"/><generation value="generated"/></page><page><nameUrl value="StructureDefinition-hiv-viral-load.html"/><title value="HIV viral load"/><generation value="generated"/></page><page><nameUrl value="StructureDefinition-arv-therapy-summary.html"/><title value="ART therapy summary"/><generation value="generated"/></page><page><nameUrl value="StructureDefinition-hiv-treatment-process.html"/><title value="HIV Treatment"/><generation value="generated"/></page><page><nameUrl value="StructureDefinition-hiv-patient.html"/><title value="HIV Patient"/><generation value="generated"/></page><page><nameUrl value="StructureDefinition-hiv-risk-behavior.html"/><title value="HIV Risk Behavior"/><generation value="generated"/></page><page><nameUrl value="StructureDefinition-hiv-treatment-methadone-process.html"/><title value="Methadon Treatment"/><generation value="generated"/></page><page><nameUrl value="StructureDefinition-hiv-diagnosis-observation.html"/><title value="HIV Diagnosis result"/><generation value="generated"/></page><page><nameUrl value="StructureDefinition-hiv-specimen.html"/><title value="HIV specimen"/><generation value="generated"/></page><page><nameUrl value="StructureDefinition-hiv-treatment-tb-process.html"/><title value="TB Treatment"/><generation value="generated"/></page><page><nameUrl value="StructureDefinition-hiv-key-population.html"/><title value="HIV key population"/><generation value="generated"/></page><page><nameUrl value="StructureDefinition-hiv-recency-result.html"/><title value="HIV Recency result"/><generation value="generated"/></page><page><nameUrl value="StructureDefinition-hiv-treatment-hepatitis-process.html"/><title value="Hepatitis Treatment"/><generation value="generated"/></page><page><nameUrl value="StructureDefinition-cause-of-death.html"/><title value="Cause of Death for HIV case surveillance"/><generation value="generated"/></page><page><nameUrl value="StructureDefinition-hiv-cd4-observation.html"/><title value="CD4 Observation"/><generation value="generated"/></page><page><nameUrl value="StructureDefinition-aids-diagnosis-observation.html"/><title value="AIDS Diagnosis result"/><generation value="generated"/></page><page><nameUrl value="StructureDefinition-hiv-arv-careplan.html"/><title value="ARVCarePlan"/><generation value="generated"/></page><page><nameUrl value="StructureDefinition-ext-vn-ethnicity.html"/><title value="Vietnam Ethnicity "/><generation value="generated"/></page><page><nameUrl value="StructureDefinition-vn-administrative-address.html"/><title value="Vietnam Administrative Address"/><generation value="generated"/></page><page><nameUrl value="StructureDefinition-ext-specimen-collection-place.html"/><title value="Specimen Collection Place"/><generation value="generated"/></page><page><nameUrl value="ValueSet-vs-hiv-rapidtestresults.html"/><title value="Valueset Rapid test results"/><generation value="generated"/></page><page><nameUrl value="ValueSet-vs-hiv-reasonvltest.html"/><title value="Valueset Reason for VL test"/><generation value="generated"/></page><page><nameUrl value="ValueSet-vs-hiv-pregnancy-outcome.html"/><title value="HIV Pregnancy outcome"/><generation value="generated"/></page><page><nameUrl value="ValueSet-vs-hiv-population.html"/><title value="Risk Population relevant for HIV"/><generation value="generated"/></page><page><nameUrl value="ValueSet-vs-patient-gender.html"/><title value="Patient Gender"/><generation value="generated"/></page><page><nameUrl value="ValueSet-cs-viralload-indications.html"/><title value="Viralload Indications"/><generation value="generated"/></page><page><nameUrl value="ValueSet-vs-arv-treatment-status.html"/><title value="Arv treatment Status"/><generation value="generated"/></page><page><nameUrl value="ValueSet-vs-viralload-group.html"/><title value="Viral Load group"/><generation value="generated"/></page><page><nameUrl value="ValueSet-vs-vn-ethnicity.html"/><title value="Valueset Vietnam Ethnicity"/><generation value="generated"/></page><page><nameUrl value="ValueSet-vs-hiv-risk-behavior.html"/><title value="Risk Behavior"/><generation value="generated"/></page><page><nameUrl value="ValueSet-vs-hiv-occupation.html"/><title value="Occupation Value Set "/><generation value="generated"/></page><page><nameUrl value="ValueSet-vs-type-of-contact.html"/><title value="Type of contact or relationship"/><generation value="generated"/></page><page><nameUrl value="ValueSet-vs-recency-rtri.html"/><title value="Recency RITA result"/><generation value="generated"/></page><page><nameUrl value="ValueSet-vs-recency-rita.html"/><title value="Recency RITA result"/><generation value="generated"/></page><page><nameUrl value="ValueSet-vs-regimen-change-reason.html"/><title value="Reason for regimen change"/><generation value="generated"/></page><page><nameUrl value="ValueSet-vs-treatment-category.html"/><title value="Category of the treatment"/><generation value="generated"/></page><page><nameUrl value="ValueSet-vs-vn-whostage.html"/><title value="ValueSet WHO Stage "/><generation value="generated"/></page><page><nameUrl value="ValueSet-vs-diagnosis-results.html"/><title value="VSDiagnosisResults"/><generation value="generated"/></page><page><nameUrl value="ValueSet-vs-hiv-transmission-route.html"/><title value="HIV Transmission Route"/><generation value="generated"/></page><page><nameUrl value="ValueSet-vs-hiv-reasoncd4test.html"/><title value="Valueset Reason for CD4 test"/><generation value="generated"/></page><page><nameUrl value="ValueSet-vs-common-date.html"/><generation value="generated"/></page><page><nameUrl value="ValueSet-vs-hiv-treatmentstopreason.html"/><title value="Valueset Reason to stop treatment at facility"/><generation value="generated"/></page><page><nameUrl value="ValueSet-vs-hiv-recentinfection.html"/><title value="Valueset Recent infection conclusion"/><generation value="generated"/></page><page><nameUrl value="ValueSet-vs-vn-regimenline.html"/><title value="ValueSet Vietnam HIV Regimen Line "/><generation value="generated"/></page><page><nameUrl value="ValueSet-vs-vn-regimen.html"/><title value="ValueSet Vietnam HIV Regimen"/><generation value="generated"/></page><page><nameUrl value="ValueSet-vs-hiv-sympthoms.html"/><generation value="generated"/></page><page><nameUrl value="ValueSet-VSDateComponent.html"/><title value="Date component of pregnancy"/><generation value="generated"/></page><page><nameUrl value="ValueSet-vs-patient-gender-identity.html"/><title value="Patient Gender Identity"/><generation value="generated"/></page><page><nameUrl value="ValueSet-vs-cause-of-death.html"/><title value="Cause of death"/><generation value="generated"/></page><page><nameUrl value="ValueSet-vs-patient-communication-preferences.html"/><title value="Patient Communication Preferences"/><generation value="generated"/></page><page><nameUrl value="ValueSet-vs-vn-administrativeaddress.html"/><title value="Vietnam Administrative Address"/><generation value="generated"/></page><page><nameUrl value="CodeSystem-cs-hiv-rapidtestresults.html"/><title value="Codesystem Rapid test results"/><generation value="generated"/></page><page><nameUrl value="CodeSystem-cs-viralload-indications.html"/><title value="Viralload Indications"/><generation value="generated"/></page><page><nameUrl value="CodeSystem-cs-pregnancy-outcome.html"/><generation value="generated"/></page><page><nameUrl value="CodeSystem-cs-treatment-status.html"/><generation value="generated"/></page><page><nameUrl value="CodeSystem-cs-patient-communication-preferences.html"/><title value="Patient Communication Preferences"/><generation value="generated"/></page><page><nameUrl value="CodeSystem-cs-patient-gender-identity.html"/><title value="Patient Gender Identity"/><generation value="generated"/></page><page><nameUrl value="CodeSystem-cs-regimen-change-reason.html"/><title value="Reason for regimen change"/><generation value="generated"/></page><page><nameUrl value="CodeSystem-cs-hiv-treatmentstopreason.html"/><title value="Codesystem Reason to stop treatment at facility"/><generation value="generated"/></page><page><nameUrl value="CodeSystem-cs-hiv-reasonvltest.html"/><title value="Codesystem Reason for VL test"/><generation value="generated"/></page><page><nameUrl value="CodeSystem-cs-vn-regimen.html"/><title value="CodeSystem Vietnam HIV Regimen"/><generation value="generated"/></page><page><nameUrl value="CodeSystem-cs-vn-ethnicity.html"/><title value="CodeSystem Vietnam Ethnicity"/><generation value="generated"/></page><page><nameUrl value="CodeSystem-cs-hiv-occupation.html"/><title value="CodeSystem Occupation"/><generation value="generated"/></page><page><nameUrl value="CodeSystem-type-of-contact.html"/><title value="Type of contact or relationship"/><generation value="generated"/></page><page><nameUrl value="CodeSystem-cs-vn-regimenline.html"/><title value="CodeSystem Vietnam HIV Regimen Line"/><generation value="generated"/></page><page><nameUrl value="CodeSystem-cs-arv-treatment-status.html"/><generation value="generated"/></page><page><nameUrl value="CodeSystem-cs-hiv-common.html"/><generation value="generated"/></page><page><nameUrl value="CodeSystem-cs-hiv-risk-behavior.html"/><title value="Risk Behavior"/><generation value="generated"/></page><page><nameUrl value="CodeSystem-cs-hiv-reasoncd4test.html"/><title value="Codesystem Reason for CD4 test"/><generation value="generated"/></page><page><nameUrl value="CodeSystem-cs-recency-result.html"/><generation value="generated"/></page><page><nameUrl value="CodeSystem-cs-hiv-population.html"/><title value="Population groups"/><generation value="generated"/></page><page><nameUrl value="CodeSystem-cs-hiv-recentinfection.html"/><title value="Codesystem Recent infection conclusion"/><generation value="generated"/></page><page><nameUrl value="CodeSystem-cs-treatment-patient-category.html"/><generation value="generated"/></page><page><nameUrl value="CodeSystem-cs-viralload-group.html"/><title value="Viral Load group"/><generation value="generated"/></page><page><nameUrl value="CodeSystem-cs-gender.html"/><generation value="generated"/></page><page><nameUrl value="CodeSystem-cs-patient-gender.html"/><title value="Patient Gender"/><generation value="generated"/></page><page><nameUrl value="CodeSystem-cs-hiv-transmission-route.html"/><title value="HIV Transmission Route"/><generation value="generated"/></page><page><nameUrl value="CodeSystem-cs-cause-of-death.html"/><title value="Cause of death"/><generation value="generated"/></page><page><nameUrl value="CodeSystem-cs-vn-whostage.html"/><title value="CodeSystem WHO stage "/><generation value="generated"/></page><page><nameUrl value="NamingSystem-NationalPatientIdentifier9Digit.html"/><generation value="generated"/></page><page><nameUrl value="Observation-an-aids-diagnosis-observation.html"/><title value="Example Observation - an-aids-diagnosis-observation"/><generation value="generated"/></page><page><nameUrl value="CarePlan-a-treatment-record.html"/><title value="Example CarePlan - a-treatment-record"/><generation value="generated"/></page><page><nameUrl value="Observation-a-hiv-cd4-observation.html"/><title value="Example Observation - a-hiv-cd4-observation"/><generation value="generated"/></page><page><nameUrl value="Observation-a-hiv-diagnosis-observation.html"/><title value="Example Observation - a-hiv-diagnosis-observation"/><generation value="generated"/></page><page><nameUrl value="Observation-a-pregnancy-status.html"/><title value="Example Observation - a-pregnancy-status"/><generation value="generated"/></page><page><nameUrl value="Bundle-examplebundle.html"/><title value="Example Bundle - examplebundle"/><generation value="generated"/></page><page><nameUrl value="Observation-a-hiv-viral-load.html"/><title value="Example Observation - a-hiv-viral-load"/><generation value="generated"/></page><page><nameUrl value="Observation-a-recency-result.html"/><title value="Example Observation - a-recency-result"/><generation value="generated"/></page><page><nameUrl value="Patient-test-hiv-patient.html"/><title value="Example Patient - test-hiv-patient"/><generation value="generated"/></page><page><nameUrl value="QuestionnaireResponse-exampleresponse.html"/><generation value="generated"/></page></page></page><parameter><code value="path-resource"/><value value="input\history"/></parameter><parameter><code value="path-resource"/><value value="input\scenarios"/></parameter><parameter><code value="path-resource"/><value value="input/capabilities"/></parameter><parameter><code value="path-resource"/><value value="input/examples"/></parameter><parameter><code value="path-resource"/><value value="input/extensions"/></parameter><parameter><code value="path-resource"/><value value="input/models"/></parameter><parameter><code value="path-resource"/><value value="input/operations"/></parameter><parameter><code value="path-resource"/><value value="input/profiles"/></parameter><parameter><code value="path-resource"/><value value="input/resources"/></parameter><parameter><code value="path-resource"/><value value="input/vocabulary"/></parameter><parameter><code value="path-resource"/><value value="input/testing"/></parameter><parameter><code value="path-resource"/><value value="input/history"/></parameter><parameter><code value="path-resource"/><value value="fsh-generated/resources"/></parameter><parameter><code value="path-pages"/><value value="template/config"/></parameter><parameter><code value="path-pages"/><value value="input/images"/></parameter><parameter><code value="path-tx-cache"/><value value="input-cache/txcache"/></parameter></definition></ImplementationGuide>