<?xml version="1.0" encoding="UTF-8"?><ValueSet xmlns="http://hl7.org/fhir"><id value="vs-type-of-contact"/><text><status value="generated"/><div xmlns="http://www.w3.org/1999/xhtml"><ul><li>Include all codes defined in <a href="CodeSystem-type-of-contact.html"><code>http://openhie.org/fhir/openhie.vn.case-reporting.hiv/CodeSystem/type-of-contact</code></a></li></ul></div></text><url value="http://openhie.org/fhir/openhie.vn.case-reporting.hiv/ValueSet/vs-type-of-contact"/><version value="0.1.0-test"/><name value="TypeOfContact"/><title value="Type of contact or relationship"/><status value="active"/><date value="2021-06-15T07:43:41+00:00"/><publisher value="OpenHIE"/><contact><telecom><system value="url"/><value value="http://ohie.org"/></telecom></contact><description value="Type of contact or relationship"/><jurisdiction><coding><system value="http://unstats.un.org/unsd/methods/m49/m49.htm"/><code value="001"/></coding></jurisdiction><compose><include><system value="http://openhie.org/fhir/openhie.vn.case-reporting.hiv/CodeSystem/type-of-contact"/></include></compose></ValueSet>