<?xml version="1.0" encoding="UTF-8"?><ValueSet xmlns="http://hl7.org/fhir"><id value="vs-vn-administrativeaddress"/><text><status value="generated"/><div xmlns="http://www.w3.org/1999/xhtml"><p>This value set includes codes based on the following rules:</p><ul/></div></text><url value="http://openhie.org/fhir/openhie.vn.case-reporting.hiv/ValueSet/vs-vn-administrativeaddress"/><version value="0.1.0-test"/><name value="VSAdministrativeAddress"/><title value="Vietnam Administrative Address"/><status value="draft"/><date value="2022-02-25T20:43:03+00:00"/><publisher value="OpenHIE"/><contact><telecom><system value="url"/><value value="http://ohie.org"/></telecom></contact><description value="Thông tin địa danh hành chính - Theo ban hành Danh mục Dân tộc của Tổng cục thống kê"/><jurisdiction><coding><system value="http://unstats.un.org/unsd/methods/m49/m49.htm"/><code value="001"/></coding></jurisdiction></ValueSet>