<?xml version="1.0" encoding="UTF-8"?><ValueSet xmlns="http://hl7.org/fhir"><id value="VSDateComponent"/><text><status value="generated"/><div xmlns="http://www.w3.org/1999/xhtml"><p>This value set includes codes based on the following rules:</p><ul><li>Include these codes as defined in <a href="http://www.snomed.org/"><code>http://snomed.info/sct</code></a><table class="none"><tr><td style="white-space:nowrap"><b>Code</b></td><td><b>Display</b></td></tr><tr><td><a href="http://browser.ihtsdotools.org/?perspective=full&amp;conceptId1=248957007">248957007</a></td><td>Kỳ kinh nguyệt cuối</td></tr><tr><td><a href="http://browser.ihtsdotools.org/?perspective=full&amp;conceptId1=31676001">31676001</a></td><td>Ngày xét nghiệm HIV của con</td></tr></table></li><li>Include these codes as defined in <a href="CodeSystem-cs-hiv-common.html"><code>http://openhie.org/fhir/openhie.vn.case-reporting.hiv/CodeSystem/cs-hiv-common</code></a><table class="none"><tr><td style="white-space:nowrap"><b>Code</b></td><td><b>Display</b></td></tr><tr><td><a href="CodeSystem-cs-hiv-common.html#cs-hiv-common-birthDateOfChild">birthDateOfChild</a></td><td>Ngày sinh của con</td></tr></table></li></ul></div></text><url value="http://openhie.org/fhir/openhie.vn.case-reporting.hiv/ValueSet/VSDateComponent"/><version value="0.1.0-test"/><name value="VSDateComponent"/><title value="Date component of pregnancy"/><status value="active"/><date value="2021-06-15T07:57:53+00:00"/><publisher value="OpenHIE"/><contact><telecom><system value="url"/><value value="http://ohie.org"/></telecom></contact><description value="Date component of pregnancy associated with HIV case"/><jurisdiction><coding><system value="http://unstats.un.org/unsd/methods/m49/m49.htm"/><code value="001"/></coding></jurisdiction><compose><include><system value="http://snomed.info/sct"/><concept><code value="248957007"/><display value="K&#x1EF3; kinh nguy&#x1EC7;t cu&#x1ED1;i"/></concept><concept><code value="31676001"/><display value="Ng&#xE0;y x&#xE9;t nghi&#x1EC7;m HIV c&#x1EE7;a con"/></concept></include><include><system value="http://openhie.org/fhir/openhie.vn.case-reporting.hiv/CodeSystem/cs-hiv-common"/><concept><code value="birthDateOfChild"/><display value="Ng&#xE0;y sinh c&#x1EE7;a con"/></concept></include></compose></ValueSet>