<?xml version="1.0" encoding="UTF-8"?>

<CodeSystem xmlns="http://hl7.org/fhir">
  <id value="cs-hiv-common"/>
  <text>
    <status value="generated"/><div xmlns="http://www.w3.org/1999/xhtml"><p>This code system http://openhie.org/fhir/openhie.vn.case-reporting.hiv/CodeSystem/cs-hiv-common defines the following codes:</p><table class="codes"><tr><td style="white-space:nowrap"><b>Code</b></td><td><b>Display</b></td></tr><tr><td style="white-space:nowrap">birthDateOfChild<a name="cs-hiv-common-birthDateOfChild"> </a></td><td>the child birth day</td></tr></table><p><b>Additional Language Displays</b></p><table class="codes"><tr><td><b>Code</b></td><td><b>vi</b></td></tr><tr><td>birthDateOfChild</td><td>Ngày sinh của con</td></tr></table></div>
  </text>
  <url value="http://openhie.org/fhir/openhie.vn.case-reporting.hiv/CodeSystem/cs-hiv-common"/>
  <version value="0.1.0-test"/>
  <name value="Common code for CS HIV"/>
  <status value="draft"/>
  <date value="2021-08-01T17:22:19+00:00"/>
  <publisher value="OpenHIE"/>
  <contact>
    <telecom>
      <system value="url"/>
      <value value="http://ohie.org"/>
    </telecom>
  </contact>
  <jurisdiction>
    <coding>
      <system value="http://unstats.un.org/unsd/methods/m49/m49.htm"/>
      <code value="001"/>
    </coding>
  </jurisdiction>
  <content value="complete"/>
  <concept>
    <code value="birthDateOfChild"/>
    <display value="the child birth day"/>
    <designation>
      <language value="vi-VN"/>
      <value value="Ng&#xE0;y sinh c&#x1EE7;a con"/>
    </designation>
  </concept>
</CodeSystem>