{
  "resourceType": "CodeSystem",
  "id": "cs-viralload-indications",
  "text": {
    "status": "generated",
    "div": "<div xmlns=\"http://www.w3.org/1999/xhtml\"><p>This code system http://openhie.org/fhir/openhie.vn.case-reporting.hiv/CodeSystem/cs-viralload-indications defines the following codes:</p><table class=\"codes\"><tr><td style=\"white-space:nowrap\"><b>Code</b></td><td><b>Display</b></td><td><b>Definition</b></td></tr><tr><td style=\"white-space:nowrap\">1<a name=\"cs-viralload-indications-1\"> </a></td><td>At 6 months after ARV</td><td>At 6 months after ARV</td></tr><tr><td style=\"white-space:nowrap\">2<a name=\"cs-viralload-indications-2\"> </a></td><td>At 12 months months after ARV</td><td>At 12 months months after ARV</td></tr><tr><td style=\"white-space:nowrap\">3<a name=\"cs-viralload-indications-3\"> </a></td><td>Every 12 </td><td>Every 12 </td></tr><tr><td style=\"white-space:nowrap\">4<a name=\"cs-viralload-indications-4\"> </a></td><td>Suspect treatment failure</td><td>Suspect treatment failure</td></tr><tr><td style=\"white-space:nowrap\">5<a name=\"cs-viralload-indications-5\"> </a></td><td>pregnant / lactating women</td><td>pregnant / lactating women</td></tr></table></div>"
  },
  "url": "http://openhie.org/fhir/openhie.vn.case-reporting.hiv/CodeSystem/cs-viralload-indications",
  "version": "0.1.0-test",
  "name": "CSIndications",
  "title": "Viralload Indications",
  "status": "active",
  "date": "2021-09-26T03:05:54+00:00",
  "publisher": "OpenHIE",
  "contact": [
    {
      "telecom": [
        {
          "system": "url",
          "value": "http://ohie.org"
        }
      ]
    }
  ],
  "description": "CodeSystem - Indications",
  "jurisdiction": [
    {
      "coding": [
        {
          "system": "http://unstats.un.org/unsd/methods/m49/m49.htm",
          "code": "001"
        }
      ]
    }
  ],
  "content": "complete",
  "count": 5,
  "concept": [
    {
      "code": "1",
      "display": "At 6 months after ARV",
      "definition": "At 6 months after ARV"
    },
    {
      "code": "2",
      "display": "At 12 months months after ARV",
      "definition": "At 12 months months after ARV"
    },
    {
      "code": "3",
      "display": "Every 12 ",
      "definition": "Every 12 "
    },
    {
      "code": "4",
      "display": "Suspect treatment failure",
      "definition": "Suspect treatment failure"
    },
    {
      "code": "5",
      "display": "pregnant / lactating women",
      "definition": "pregnant / lactating women"
    }
  ]
}