<?xml version="1.0" encoding="UTF-8"?>

<CodeSystem xmlns="http://hl7.org/fhir">
  <id value="type-of-contact"/>
  <text>
    <status value="generated"/><div xmlns="http://www.w3.org/1999/xhtml"><p>This code system http://openhie.org/fhir/openhie.vn.case-reporting.hiv/CodeSystem/type-of-contact defines the following codes:</p><table class="codes"><tr><td style="white-space:nowrap"><b>Code</b></td><td><b>Display</b></td><td><b>Definition</b></td></tr><tr><td style="white-space:nowrap">child<a name="type-of-contact-child"> </a></td><td>Biological child</td><td>Client is the biological child of the person that referred the client for family services</td></tr><tr><td style="white-space:nowrap">drug-injecting-partner<a name="type-of-contact-drug-injecting-partner"> </a></td><td>Drug injecting partner</td><td>Client is a drug injecting partner of the person that referred the client for partner services</td></tr><tr><td style="white-space:nowrap">sexual-partner<a name="type-of-contact-sexual-partner"> </a></td><td>Sexual partner</td><td>Client is a sexual partner of the person that referred the client for partner services</td></tr><tr><td style="white-space:nowrap">social-contact<a name="type-of-contact-social-contact"> </a></td><td>Social contact</td><td>Client is a social contact of the person that referred the client for social-network services</td></tr></table></div>
  </text>
  <url value="http://openhie.org/fhir/openhie.vn.case-reporting.hiv/CodeSystem/type-of-contact"/>
  <version value="0.1.0-test"/>
  <name value="CSTypeOfContact"/>
  <title value="Type of contact or relationship"/>
  <status value="active"/>
  <date value="2021-06-18T10:32:53+00:00"/>
  <publisher value="OpenHIE"/>
  <contact>
    <telecom>
      <system value="url"/>
      <value value="http://ohie.org"/>
    </telecom>
  </contact>
  <description value="Type of contact or relationship"/>
  <jurisdiction>
    <coding>
      <system value="http://unstats.un.org/unsd/methods/m49/m49.htm"/>
      <code value="001"/>
    </coding>
  </jurisdiction>
  <content value="complete"/>
  <count value="4"/>
  <concept>
    <code value="child"/>
    <display value="Biological child"/>
    <definition value="Client is the biological child of the person that referred the client for family services"/>
  </concept>
  <concept>
    <code value="drug-injecting-partner"/>
    <display value="Drug injecting partner"/>
    <definition value="Client is a drug injecting partner of the person that referred the client for partner services"/>
  </concept>
  <concept>
    <code value="sexual-partner"/>
    <display value="Sexual partner"/>
    <definition value="Client is a sexual partner of the person that referred the client for partner services"/>
  </concept>
  <concept>
    <code value="social-contact"/>
    <display value="Social contact"/>
    <definition value="Client is a social contact of the person that referred the client for social-network services"/>
  </concept>
</CodeSystem>