{
  "resourceType": "CodeSystem",
  "id": "cs-hiv-risk-behavior",
  "text": {
    "status": "generated",
    "div": "<div xmlns=\"http://www.w3.org/1999/xhtml\"><p>This code system http://openhie.org/fhir/openhie.vn.case-reporting.hiv/CodeSystem/cs-hiv-risk-behavior defines the following codes:</p><table class=\"codes\"><tr><td style=\"white-space:nowrap\"><b>Code</b></td><td><b>Display</b></td><td><b>Definition</b></td></tr><tr><td style=\"white-space:nowrap\">1<a name=\"cs-hiv-risk-behavior-1\"> </a></td><td>Tiêm chích ma túy</td><td>Drug injection</td></tr><tr><td style=\"white-space:nowrap\">2<a name=\"cs-hiv-risk-behavior-2\"> </a></td><td>Quan hệ tình dục với người bán dâm hoặc mua dâm </td><td>Sexual relationship with sex workers or with sex buyers/clients (for money or drug)</td></tr><tr><td style=\"white-space:nowrap\">3<a name=\"cs-hiv-risk-behavior-3\"> </a></td><td>Quan hệ tình dục đồng giới nam</td><td>Men who have sex with men</td></tr><tr><td style=\"white-space:nowrap\">4<a name=\"cs-hiv-risk-behavior-4\"> </a></td><td>Quan hệ với vợ/chồng/bạn tình là người nhiễm HIV</td><td>Having sex with spouse/partners who are HIV infected</td></tr><tr><td style=\"white-space:nowrap\">5<a name=\"cs-hiv-risk-behavior-5\"> </a></td><td>Quan hệ tình dục với nhiều người (không vì tiền hay ma túy)</td><td>Having sex with multiple partners (not for money or drug)</td></tr><tr><td style=\"white-space:nowrap\">6<a name=\"cs-hiv-risk-behavior-6\"> </a></td><td>Lây nhiễm từ mẹ sang con</td><td>Mother to child transmission</td></tr><tr><td style=\"white-space:nowrap\">7<a name=\"cs-hiv-risk-behavior-7\"> </a></td><td>Nguy cơ khác của bản thân</td><td>Other risk behaviors</td></tr><tr><td style=\"white-space:nowrap\">8<a name=\"cs-hiv-risk-behavior-8\"> </a></td><td>Không rõ</td><td>Unidentified</td></tr></table></div>"
  },
  "url": "http://openhie.org/fhir/openhie.vn.case-reporting.hiv/CodeSystem/cs-hiv-risk-behavior",
  "version": "0.1.0-test",
  "name": "CSHIVRiskBehavior",
  "title": "Risk Behavior",
  "status": "active",
  "date": "2021-06-15T07:57:53+00:00",
  "publisher": "OpenHIE",
  "contact": [
    {
      "telecom": [
        {
          "system": "url",
          "value": "http://ohie.org"
        }
      ]
    }
  ],
  "description": "CodeSystem - Behavior associated with risk of HIV transmission",
  "jurisdiction": [
    {
      "coding": [
        {
          "system": "http://unstats.un.org/unsd/methods/m49/m49.htm",
          "code": "001"
        }
      ]
    }
  ],
  "content": "complete",
  "count": 8,
  "concept": [
    {
      "code": "1",
      "display": "Tiêm chích ma túy",
      "definition": "Drug injection"
    },
    {
      "code": "2",
      "display": "Quan hệ tình dục với người bán dâm hoặc mua dâm ",
      "definition": "Sexual relationship with sex workers or with sex buyers/clients (for money or drug)"
    },
    {
      "code": "3",
      "display": "Quan hệ tình dục đồng giới nam",
      "definition": "Men who have sex with men"
    },
    {
      "code": "4",
      "display": "Quan hệ với vợ/chồng/bạn tình là người nhiễm HIV",
      "definition": "Having sex with spouse/partners who are HIV infected"
    },
    {
      "code": "5",
      "display": "Quan hệ tình dục với nhiều người (không vì tiền hay ma túy)",
      "definition": "Having sex with multiple partners (not for money or drug)"
    },
    {
      "code": "6",
      "display": "Lây nhiễm từ mẹ sang con",
      "definition": "Mother to child transmission"
    },
    {
      "code": "7",
      "display": "Nguy cơ khác của bản thân",
      "definition": "Other risk behaviors"
    },
    {
      "code": "8",
      "display": "Không rõ",
      "definition": "Unidentified"
    }
  ]
}