<?xml version="1.0" encoding="UTF-8"?>

<Observation xmlns="http://hl7.org/fhir">
  <id value="a-pregnancy-status"/>
  <meta>
    <profile value="http://openhie.org/fhir/openhie.vn.case-reporting.hiv/StructureDefinition/pregnancy-status"/>
  </meta>
  <text>
    <status value="generated"/><div xmlns="http://www.w3.org/1999/xhtml"><p><b>Generated Narrative</b></p><p></p><p><b>code</b>: <span title="Codes: {http://openhie.org/fhir/openhie.vn.case-reporting.hiv/CodeSystem/cs-pregnancy-status unborn}">Unborn</span></p><p><b>subject</b>: <a href="Patient-test-hiv-patient.html">Generated Summary: id: ARV001, id: P0000012311, id: 011100101, id: NN-1232717432, id: 01112303122; Nguyan Van A; birthDate: 1970-01-01</a></p><p><b>issued</b>: Apr 5, 2013, 8:30:10 AM</p><blockquote><p><b>component</b></p><p><b>code</b>: <span title="Codes: {http://snomed.info/sct 248957007}">Menstruation</span></p><p><b>value</b>: Mar 5, 2013, 8:30:10 AM</p></blockquote><blockquote><p><b>component</b></p><p><b>code</b>: <span title="Codes: {http://snomed.info/sct 31676001}">HIV antigen test</span></p><p><b>value</b>: Apr 5, 2013, 8:30:10 AM</p></blockquote><blockquote><p><b>component</b></p><p><b>code</b>: <span title="Codes: {http://openhie.org/fhir/openhie.vn.case-reporting.hiv/CodeSystem/cs-hiv-common birthDateOfChild}">the child birth day</span></p><p><b>value</b>: Apr 5, 2013, 8:30:10 AM</p></blockquote><blockquote><p><b>component</b></p><p><b>code</b>: <span title="Codes: {http://openhie.org/fhir/openhie.vn.case-reporting.hiv/CodeSystem/cs-arv-treatment-status yes}">Yes</span></p><p><b>value</b>: Apr 5, 2013, 8:30:10 AM</p></blockquote><blockquote><p><b>component</b></p><p><b>code</b>: <span title="Codes: {http://loinc.org LA11882-0}">Detected</span></p><p><b>value</b>: Apr 5, 2013, 8:30:10 AM</p></blockquote></div>
  </text>
  <status value="final"/>
  <code>
    <coding>
      <system value="http://openhie.org/fhir/openhie.vn.case-reporting.hiv/CodeSystem/cs-pregnancy-status"/>
      <code value="unborn"/>
    </coding>
  </code>
  <subject>
    <reference value="Patient/test-hiv-patient"/>
  </subject>
  <issued value="2013-04-05T15:30:10+07:00"/>
  <component>
    <code>
      <coding>
        <system value="http://snomed.info/sct"/>
        <code value="248957007"/>
      </coding>
    </code>
    <valueDateTime value="2013-03-05T15:30:10+07:00"/>
  </component>
  <component>
    <code>
      <coding>
        <system value="http://snomed.info/sct"/>
        <code value="31676001"/>
      </coding>
    </code>
    <valueDateTime value="2013-04-05T15:30:10+07:00"/>
  </component>
  <component>
    <code>
      <coding>
        <system value="http://openhie.org/fhir/openhie.vn.case-reporting.hiv/CodeSystem/cs-hiv-common"/>
        <code value="birthDateOfChild"/>
      </coding>
    </code>
    <valueDateTime value="2013-04-05T15:30:10+07:00"/>
  </component>
  <component>
    <code>
      <coding>
        <system value="http://openhie.org/fhir/openhie.vn.case-reporting.hiv/CodeSystem/cs-arv-treatment-status"/>
        <code value="yes"/>
      </coding>
    </code>
    <valueDateTime value="2013-04-05T15:30:10+07:00"/>
  </component>
  <component>
    <code>
      <coding>
        <system value="http://loinc.org"/>
        <code value="LA11882-0"/>
      </coding>
    </code>
    <valueDateTime value="2013-04-05T15:30:10+07:00"/>
  </component>
</Observation>