{
  "resourceType": "ValueSet",
  "id": "HIVRapidTestResults",
  "text": {
    "status": "generated",
    "div": "<div xmlns=\"http://www.w3.org/1999/xhtml\"><ul><li>Include these codes as defined in <a href=\"http://loinc.org\"><code>http://loinc.org</code></a><table class=\"none\"><tr><td style=\"white-space:nowrap\"><b>Code</b></td><td><b>Display</b></td></tr><tr><td><a href=\"http://details.loinc.org/LOINC/LA11882-0.html\">LA11882-0</a></td><td>Detected</td></tr><tr><td><a href=\"http://details.loinc.org/LOINC/LA11883-8.html\">LA11883-8</a></td><td>Not detected</td></tr><tr><td><a href=\"http://details.loinc.org/LOINC/LA11885-3.html\">LA11885-3</a></td><td>Equivocal</td></tr><tr><td><a href=\"http://details.loinc.org/LOINC/LA9663-1.html\">LA9663-1</a></td><td>Inconclusive</td></tr></table></li></ul></div>"
  },
  "url": "http://openhie.org/fhir/openhie.vn.case-reporting.hiv/ValueSet/HIVRapidTestResults",
  "version": "0.1.0-test",
  "name": "HIVRapidTestResults",
  "title": "HIVRapidTestResults",
  "status": "draft",
  "date": "2021-05-10T16:53:10+00:00",
  "publisher": "OpenHIE",
  "contact": [
    {
      "telecom": [
        {
          "system": "url",
          "value": "http://ohie.org"
        }
      ]
    }
  ],
  "description": "HIV rapid test result codes",
  "jurisdiction": [
    {
      "coding": [
        {
          "system": "http://unstats.un.org/unsd/methods/m49/m49.htm",
          "code": "001"
        }
      ]
    }
  ],
  "compose": {
    "include": [
      {
        "system": "http://loinc.org",
        "concept": [
          {
            "code": "LA11882-0",
            "display": "Detected"
          },
          {
            "code": "LA11883-8",
            "display": "Not detected"
          },
          {
            "code": "LA11885-3",
            "display": "Equivocal"
          },
          {
            "code": "LA9663-1",
            "display": "Inconclusive"
          }
        ]
      }
    ]
  }
}