<?xml version="1.0" encoding="UTF-8"?>

<ValueSet xmlns="http://hl7.org/fhir">
  <id value="vs-arv-treatment-status"/>
  <text>
    <status value="generated"/><div xmlns="http://www.w3.org/1999/xhtml"><ul><li>Include all codes defined in <a href="CodeSystem-cs-arv-treatment-status.html"><code>http://openhie.org/fhir/openhie.vn.case-reporting.hiv/CodeSystem/cs-arv-treatment-status</code></a></li></ul></div>
  </text>
  <url value="http://openhie.org/fhir/openhie.vn.case-reporting.hiv/ValueSet/vs-arv-treatment-status"/>
  <version value="0.1.0-test"/>
  <name value="ARVTreatmentStatus"/>
  <title value="Arv treatment Status"/>
  <status value="active"/>
  <date value="2021-06-28T06:43:08+00:00"/>
  <publisher value="OpenHIE"/>
  <contact>
    <telecom>
      <system value="url"/>
      <value value="http://ohie.org"/>
    </telecom>
  </contact>
  <description value="Valueset - ARV treatment Status"/>
  <jurisdiction>
    <coding>
      <system value="http://unstats.un.org/unsd/methods/m49/m49.htm"/>
      <code value="001"/>
    </coding>
  </jurisdiction>
  <compose>
    <include>
      <system value="http://openhie.org/fhir/openhie.vn.case-reporting.hiv/CodeSystem/cs-arv-treatment-status"/>
    </include>
  </compose>
</ValueSet>