{"resourceType":"CodeSystem","id":"cs-hiv-common","text":{"status":"generated","div":"<div xmlns=\"http://www.w3.org/1999/xhtml\"><p>This code system http://openhie.org/fhir/openhie.vn.case-reporting.hiv/CodeSystem/cs-hiv-common defines the following codes:</p><table class=\"codes\"><tr><td style=\"white-space:nowrap\"><b>Code</b></td><td><b>Display</b></td></tr><tr><td style=\"white-space:nowrap\">birthDateOfChild<a name=\"cs-hiv-common-birthDateOfChild\"> </a></td><td>the child birth day</td></tr></table><p><b>Additional Language Displays</b></p><table class=\"codes\"><tr><td><b>Code</b></td><td><b>vi</b></td></tr><tr><td>birthDateOfChild</td><td>Ngày sinh của con</td></tr></table></div>"},"url":"http://openhie.org/fhir/openhie.vn.case-reporting.hiv/CodeSystem/cs-hiv-common","version":"0.1.0-test","name":"Common code for CS HIV","status":"draft","date":"2021-06-18T10:02:40+00:00","publisher":"OpenHIE","contact":[{"telecom":[{"system":"url","value":"http://ohie.org"}]}],"jurisdiction":[{"coding":[{"system":"http://unstats.un.org/unsd/methods/m49/m49.htm","code":"001"}]}],"content":"complete","concept":[{"code":"birthDateOfChild","display":"the child birth day","designation":[{"language":"vi-VN","value":"Ngày sinh của con"}]}]}