{"resourceType":"CodeSystem","id":"cs-vn-regimen","text":{"status":"generated","div":"<div xmlns=\"http://www.w3.org/1999/xhtml\"><p>This code system http://openhie.org/fhir/openhie.vn.case-reporting.hiv/CodeSystem/cs-vn-regimen defines the following codes:</p><table class=\"codes\"><tr><td style=\"white-space:nowrap\"><b>Code</b></td><td><b>Display</b></td></tr><tr><td style=\"white-space:nowrap\">reg001<a name=\"cs-vn-regimen-reg001\"> </a></td><td>(TDF/3TC/DTG 300/300/50)</td></tr><tr><td style=\"white-space:nowrap\">reg002<a name=\"cs-vn-regimen-reg002\"> </a></td><td>(TDF/3TC/EFV 300/300/400)</td></tr><tr><td style=\"white-space:nowrap\">reg003<a name=\"cs-vn-regimen-reg003\"> </a></td><td>(TDF/3TC/EFV 300/300/600)</td></tr><tr><td style=\"white-space:nowrap\">reg004<a name=\"cs-vn-regimen-reg004\"> </a></td><td>(ZDV/3TC 300/150)(EFV 600)</td></tr><tr><td style=\"white-space:nowrap\">reg005<a name=\"cs-vn-regimen-reg005\"> </a></td><td>(ZDV/3TC 300/150)(EFV 200)</td></tr><tr><td style=\"white-space:nowrap\">reg006<a name=\"cs-vn-regimen-reg006\"> </a></td><td>(ZDV/3TC/NVP 300/150/200)</td></tr><tr><td style=\"white-space:nowrap\">reg007<a name=\"cs-vn-regimen-reg007\"> </a></td><td>(ABC 300)(3TC 150)(DTG 50)</td></tr><tr><td style=\"white-space:nowrap\">reg008<a name=\"cs-vn-regimen-reg008\"> </a></td><td>(TDF 300)(3TC 150)(RAL 400)</td></tr><tr><td style=\"white-space:nowrap\">reg009<a name=\"cs-vn-regimen-reg009\"> </a></td><td>(TDF/FTC 300/200)(RAL 400)</td></tr><tr><td style=\"white-space:nowrap\">reg010<a name=\"cs-vn-regimen-reg010\"> </a></td><td>(TAF 25)(3TC 150)(DTG 50)</td></tr><tr><td style=\"white-space:nowrap\">reg011<a name=\"cs-vn-regimen-reg011\"> </a></td><td>(TDF/FTC 300/200)(EFV 600)</td></tr><tr><td style=\"white-space:nowrap\">reg012<a name=\"cs-vn-regimen-reg012\"> </a></td><td>(ZDV/3TC 300/150)(LPV/r 100/25)</td></tr><tr><td style=\"white-space:nowrap\">reg013<a name=\"cs-vn-regimen-reg013\"> </a></td><td>(ZDV/3TC 300/150)(LPV/r 200/50)</td></tr><tr><td style=\"white-space:nowrap\">reg014<a name=\"cs-vn-regimen-reg014\"> </a></td><td>(ZDV/3TC 300/150)(DTG 50)</td></tr><tr><td style=\"white-space:nowrap\">reg015<a name=\"cs-vn-regimen-reg015\"> </a></td><td>(ZDV/3TC 300/150)(ATV 300)(RTV 100)</td></tr><tr><td style=\"white-space:nowrap\">reg016<a name=\"cs-vn-regimen-reg016\"> </a></td><td>(ZDV/3TC 300/150)(DRV 600)(RTV 100)</td></tr><tr><td style=\"white-space:nowrap\">reg017<a name=\"cs-vn-regimen-reg017\"> </a></td><td>(TDF/FTC 300/200)(DTG 50)</td></tr><tr><td style=\"white-space:nowrap\">reg018<a name=\"cs-vn-regimen-reg018\"> </a></td><td>(TDF/FTC 300/200)(ATV 300)(RTV 100)</td></tr><tr><td style=\"white-space:nowrap\">reg019<a name=\"cs-vn-regimen-reg019\"> </a></td><td>(TDF/FTC 300/200)(DRV 600)(RTV 100)</td></tr><tr><td style=\"white-space:nowrap\">reg020<a name=\"cs-vn-regimen-reg020\"> </a></td><td>(TDF 300)(3TC 150)(ATV 300)(RTV 100)</td></tr><tr><td style=\"white-space:nowrap\">reg021<a name=\"cs-vn-regimen-reg021\"> </a></td><td>(TDF 300)(3TC 150)(DRV 600)(RTV 100)</td></tr><tr><td style=\"white-space:nowrap\">reg022<a name=\"cs-vn-regimen-reg022\"> </a></td><td>(TDF 300)(3TC 150)(LPV/r 100/25)</td></tr><tr><td style=\"white-space:nowrap\">reg023<a name=\"cs-vn-regimen-reg023\"> </a></td><td>(TDF 300)(3TC 150)(LPV/r 200/50)</td></tr><tr><td style=\"white-space:nowrap\">reg024<a name=\"cs-vn-regimen-reg024\"> </a></td><td>(TDF 300)(3TC 150)(LPV/r 80/20mg/ml)</td></tr><tr><td style=\"white-space:nowrap\">reg025<a name=\"cs-vn-regimen-reg025\"> </a></td><td>(TDF/FTC 300/200)(LPV/r 100/25)</td></tr><tr><td style=\"white-space:nowrap\">reg026<a name=\"cs-vn-regimen-reg026\"> </a></td><td>(TDF/FTC 300/200)(LPV/r 200/50)</td></tr><tr><td style=\"white-space:nowrap\">reg027<a name=\"cs-vn-regimen-reg027\"> </a></td><td>(TDF/FTC 300/200)(LPV/r 80/20mg/ml)</td></tr><tr><td style=\"white-space:nowrap\">reg028<a name=\"cs-vn-regimen-reg028\"> </a></td><td>(ABC 300)(ZDV/3TC 300/150)</td></tr><tr><td style=\"white-space:nowrap\">reg029<a name=\"cs-vn-regimen-reg029\"> </a></td><td>(ABC 300)(ZDV/3TC 60/30)</td></tr><tr><td style=\"white-space:nowrap\">reg030<a name=\"cs-vn-regimen-reg030\"> </a></td><td>(ABC/3TC 60/30)(DTG 50)</td></tr><tr><td style=\"white-space:nowrap\">reg031<a name=\"cs-vn-regimen-reg031\"> </a></td><td>(ABC/3TC 60/30)(LPV/r 100/25)</td></tr><tr><td style=\"white-space:nowrap\">reg032<a name=\"cs-vn-regimen-reg032\"> </a></td><td>(ABC/3TC 60/30)(LPV/r 200/50)</td></tr><tr><td style=\"white-space:nowrap\">reg033<a name=\"cs-vn-regimen-reg033\"> </a></td><td>(ABC/3TC 60/30)(LPV/r 80/20mg/ml)</td></tr><tr><td style=\"white-space:nowrap\">reg034<a name=\"cs-vn-regimen-reg034\"> </a></td><td>(ZDV/3TC/NVP 60/30/50)</td></tr><tr><td style=\"white-space:nowrap\">reg035<a name=\"cs-vn-regimen-reg035\"> </a></td><td>(ABC/3TC 60/30)(EFV 200)</td></tr><tr><td style=\"white-space:nowrap\">reg036<a name=\"cs-vn-regimen-reg036\"> </a></td><td>(ABC/3TC 60/30)(EFV 200)(EFV 50)</td></tr><tr><td style=\"white-space:nowrap\">reg037<a name=\"cs-vn-regimen-reg037\"> </a></td><td>(ABC/3TC 60/30)(EFV 50)</td></tr><tr><td style=\"white-space:nowrap\">reg038<a name=\"cs-vn-regimen-reg038\"> </a></td><td>(ZDV/3TC 60/30)(EFV 200)</td></tr><tr><td style=\"white-space:nowrap\">reg039<a name=\"cs-vn-regimen-reg039\"> </a></td><td>(ZDV/3TC 60/30)(EFV 200)(EFV 50)</td></tr><tr><td style=\"white-space:nowrap\">reg040<a name=\"cs-vn-regimen-reg040\"> </a></td><td>(ZDV/3TC 60/30)(EFV 50)</td></tr><tr><td style=\"white-space:nowrap\">reg041<a name=\"cs-vn-regimen-reg041\"> </a></td><td>(ZDV/3TC 60/30)(RAL 25)</td></tr><tr><td style=\"white-space:nowrap\">reg042<a name=\"cs-vn-regimen-reg042\"> </a></td><td>(ZDV/3TC 60/30)(RAL 100)</td></tr><tr><td style=\"white-space:nowrap\">reg043<a name=\"cs-vn-regimen-reg043\"> </a></td><td>(ZDV/3TC 60/30)(LPV/r 100/25)</td></tr><tr><td style=\"white-space:nowrap\">reg044<a name=\"cs-vn-regimen-reg044\"> </a></td><td>(ZDV/3TC 60/30)(LPV/r 80/20mg/ml)</td></tr><tr><td style=\"white-space:nowrap\">reg045<a name=\"cs-vn-regimen-reg045\"> </a></td><td>(ZDV/3TC 60/30)(DTG 50)</td></tr><tr><td style=\"white-space:nowrap\">reg046<a name=\"cs-vn-regimen-reg046\"> </a></td><td>(ABC/3TC 60/30)(RAL 25)</td></tr><tr><td style=\"white-space:nowrap\">reg047<a name=\"cs-vn-regimen-reg047\"> </a></td><td>(ABC/3TC 60/30)(RAL 100)</td></tr></table></div>"},"url":"http://openhie.org/fhir/openhie.vn.case-reporting.hiv/CodeSystem/cs-vn-regimen","version":"0.1.0-test","name":"CSVietnamRegimen","title":"CodeSystem Vietnam HIV Regimen","status":"active","date":"2021-06-15T15:35:51+00:00","publisher":"OpenHIE","contact":[{"telecom":[{"system":"url","value":"http://ohie.org"}]}],"description":"CodeSystem - Vietnam HIV Regimen","jurisdiction":[{"coding":[{"system":"http://unstats.un.org/unsd/methods/m49/m49.htm","code":"001"}]}],"content":"complete","count":47,"concept":[{"code":"reg001","display":"(TDF/3TC/DTG 300/300/50)"},{"code":"reg002","display":"(TDF/3TC/EFV 300/300/400)"},{"code":"reg003","display":"(TDF/3TC/EFV 300/300/600)"},{"code":"reg004","display":"(ZDV/3TC 300/150)(EFV 600)"},{"code":"reg005","display":"(ZDV/3TC 300/150)(EFV 200)"},{"code":"reg006","display":"(ZDV/3TC/NVP 300/150/200)"},{"code":"reg007","display":"(ABC 300)(3TC 150)(DTG 50)"},{"code":"reg008","display":"(TDF 300)(3TC 150)(RAL 400)"},{"code":"reg009","display":"(TDF/FTC 300/200)(RAL 400)"},{"code":"reg010","display":"(TAF 25)(3TC 150)(DTG 50)"},{"code":"reg011","display":"(TDF/FTC 300/200)(EFV 600)"},{"code":"reg012","display":"(ZDV/3TC 300/150)(LPV/r 100/25)"},{"code":"reg013","display":"(ZDV/3TC 300/150)(LPV/r 200/50)"},{"code":"reg014","display":"(ZDV/3TC 300/150)(DTG 50)"},{"code":"reg015","display":"(ZDV/3TC 300/150)(ATV 300)(RTV 100)"},{"code":"reg016","display":"(ZDV/3TC 300/150)(DRV 600)(RTV 100)"},{"code":"reg017","display":"(TDF/FTC 300/200)(DTG 50)"},{"code":"reg018","display":"(TDF/FTC 300/200)(ATV 300)(RTV 100)"},{"code":"reg019","display":"(TDF/FTC 300/200)(DRV 600)(RTV 100)"},{"code":"reg020","display":"(TDF 300)(3TC 150)(ATV 300)(RTV 100)"},{"code":"reg021","display":"(TDF 300)(3TC 150)(DRV 600)(RTV 100)"},{"code":"reg022","display":"(TDF 300)(3TC 150)(LPV/r 100/25)"},{"code":"reg023","display":"(TDF 300)(3TC 150)(LPV/r 200/50)"},{"code":"reg024","display":"(TDF 300)(3TC 150)(LPV/r 80/20mg/ml)"},{"code":"reg025","display":"(TDF/FTC 300/200)(LPV/r 100/25)"},{"code":"reg026","display":"(TDF/FTC 300/200)(LPV/r 200/50)"},{"code":"reg027","display":"(TDF/FTC 300/200)(LPV/r 80/20mg/ml)"},{"code":"reg028","display":"(ABC 300)(ZDV/3TC 300/150)"},{"code":"reg029","display":"(ABC 300)(ZDV/3TC 60/30)"},{"code":"reg030","display":"(ABC/3TC 60/30)(DTG 50)"},{"code":"reg031","display":"(ABC/3TC 60/30)(LPV/r 100/25)"},{"code":"reg032","display":"(ABC/3TC 60/30)(LPV/r 200/50)"},{"code":"reg033","display":"(ABC/3TC 60/30)(LPV/r 80/20mg/ml)"},{"code":"reg034","display":"(ZDV/3TC/NVP 60/30/50)"},{"code":"reg035","display":"(ABC/3TC 60/30)(EFV 200)"},{"code":"reg036","display":"(ABC/3TC 60/30)(EFV 200)(EFV 50)"},{"code":"reg037","display":"(ABC/3TC 60/30)(EFV 50)"},{"code":"reg038","display":"(ZDV/3TC 60/30)(EFV 200)"},{"code":"reg039","display":"(ZDV/3TC 60/30)(EFV 200)(EFV 50)"},{"code":"reg040","display":"(ZDV/3TC 60/30)(EFV 50)"},{"code":"reg041","display":"(ZDV/3TC 60/30)(RAL 25)"},{"code":"reg042","display":"(ZDV/3TC 60/30)(RAL 100)"},{"code":"reg043","display":"(ZDV/3TC 60/30)(LPV/r 100/25)"},{"code":"reg044","display":"(ZDV/3TC 60/30)(LPV/r 80/20mg/ml)"},{"code":"reg045","display":"(ZDV/3TC 60/30)(DTG 50)"},{"code":"reg046","display":"(ABC/3TC 60/30)(RAL 25)"},{"code":"reg047","display":"(ABC/3TC 60/30)(RAL 100)"}]}