{"resourceType":"CodeSystem","id":"cs-hiv-transmission-route","text":{"status":"generated","div":"<div xmlns=\"http://www.w3.org/1999/xhtml\"><p>This code system http://openhie.org/fhir/openhie.vn.case-reporting.hiv/CodeSystem/cs-hiv-transmission-route defines the following codes:</p><table class=\"codes\"><tr><td style=\"white-space:nowrap\"><b>Code</b></td><td><b>Display</b></td></tr><tr><td style=\"white-space:nowrap\">312425004<a name=\"cs-hiv-transmission-route-312425004\"> </a></td><td>Blood</td></tr><tr><td style=\"white-space:nowrap\">226034001<a name=\"cs-hiv-transmission-route-226034001\"> </a></td><td>Drug injection</td></tr><tr><td style=\"white-space:nowrap\">250373003<a name=\"cs-hiv-transmission-route-250373003\"> </a></td><td>Blood transfusion</td></tr><tr><td style=\"white-space:nowrap\">53348004<a name=\"cs-hiv-transmission-route-53348004\"> </a></td><td>Occupational accident </td></tr><tr><td style=\"white-space:nowrap\">417564009<a name=\"cs-hiv-transmission-route-417564009\"> </a></td><td>Sexual Transmission</td></tr><tr><td style=\"white-space:nowrap\">38628009<a name=\"cs-hiv-transmission-route-38628009\"> </a></td><td>Homosexual</td></tr><tr><td style=\"white-space:nowrap\">20430005<a name=\"cs-hiv-transmission-route-20430005\"> </a></td><td>Heterosexual</td></tr><tr><td style=\"white-space:nowrap\">438998000<a name=\"cs-hiv-transmission-route-438998000\"> </a></td><td>Mother to Child Transmission</td></tr><tr><td style=\"white-space:nowrap\">69910005<a name=\"cs-hiv-transmission-route-69910005\"> </a></td><td>Unidentified</td></tr></table></div>"},"url":"http://openhie.org/fhir/openhie.vn.case-reporting.hiv/CodeSystem/cs-hiv-transmission-route","version":"0.1.0-test","name":"CSHIVTransmissionRoute","title":"HIV Transmission Route","status":"active","date":"2022-01-16T18:45:36+00:00","publisher":"OpenHIE","contact":[{"telecom":[{"system":"url","value":"http://ohie.org"}]}],"description":"CodeSystem - Route of HIV transmission","jurisdiction":[{"coding":[{"system":"http://unstats.un.org/unsd/methods/m49/m49.htm","code":"001"}]}],"content":"complete","count":9,"concept":[{"code":"312425004","display":"Blood"},{"code":"226034001","display":"Drug injection"},{"code":"250373003","display":"Blood transfusion"},{"code":"53348004","display":"Occupational accident "},{"code":"417564009","display":"Sexual Transmission"},{"code":"38628009","display":"Homosexual"},{"code":"20430005","display":"Heterosexual"},{"code":"438998000","display":"Mother to Child Transmission"},{"code":"69910005","display":"Unidentified"}]}