{"resourceType":"CodeSystem","id":"cs-hiv-transmission-route","text":{"status":"generated","div":"<div xmlns=\"http://www.w3.org/1999/xhtml\"><p>This code system http://openhie.org/fhir/openhie.vn.case-reporting.hiv/CodeSystem/cs-hiv-transmission-route defines the following codes:</p><table class=\"codes\"><tr><td style=\"white-space:nowrap\"><b>Code</b></td><td><b>Display</b></td><td><b>Definition</b></td></tr><tr><td style=\"white-space:nowrap\">312425004<a name=\"cs-hiv-transmission-route-312425004\"> </a></td><td>Lây qua đường máu</td><td>Blood</td></tr><tr><td style=\"white-space:nowrap\">226034001<a name=\"cs-hiv-transmission-route-226034001\"> </a></td><td>Lây qua đường tiêm chích ma túy</td><td>Drug injection</td></tr><tr><td style=\"white-space:nowrap\">250373003<a name=\"cs-hiv-transmission-route-250373003\"> </a></td><td>Truyền máu</td><td>Blood transfusion finding</td></tr><tr><td style=\"white-space:nowrap\">53348004<a name=\"cs-hiv-transmission-route-53348004\"> </a></td><td>Tai nạn nghề nghiệp</td><td>Accidental </td></tr><tr><td style=\"white-space:nowrap\">417564009<a name=\"cs-hiv-transmission-route-417564009\"> </a></td><td>Lây qua đường tình dục</td><td>Sexual Transmission</td></tr><tr><td style=\"white-space:nowrap\">38628009<a name=\"cs-hiv-transmission-route-38628009\"> </a></td><td>Tình dục đồng giới</td><td>Homosexual (finding)</td></tr><tr><td style=\"white-space:nowrap\">20430005<a name=\"cs-hiv-transmission-route-20430005\"> </a></td><td>Tình dục khác giới</td><td>Heterosexual (finding)</td></tr><tr><td style=\"white-space:nowrap\">438998000<a name=\"cs-hiv-transmission-route-438998000\"> </a></td><td>Mẹ truyền sang con</td><td>Mother to Child Transmission</td></tr><tr><td style=\"white-space:nowrap\">69910005<a name=\"cs-hiv-transmission-route-69910005\"> </a></td><td>Không rõ</td><td>Unidentified</td></tr></table></div>"},"url":"http://openhie.org/fhir/openhie.vn.case-reporting.hiv/CodeSystem/cs-hiv-transmission-route","version":"0.1.0-test","name":"CSHIVTransmissionRoute","title":"HIV Transmission Route","status":"active","date":"2021-06-19T17:21:10+00:00","publisher":"OpenHIE","contact":[{"telecom":[{"system":"url","value":"http://ohie.org"}]}],"description":"CodeSystem - Route of HIV transmission","jurisdiction":[{"coding":[{"system":"http://unstats.un.org/unsd/methods/m49/m49.htm","code":"001"}]}],"content":"complete","count":9,"concept":[{"code":"312425004","display":"Lây qua đường máu","definition":"Blood"},{"code":"226034001","display":"Lây qua đường tiêm chích ma túy","definition":"Drug injection"},{"code":"250373003","display":"Truyền máu","definition":"Blood transfusion finding"},{"code":"53348004","display":"Tai nạn nghề nghiệp","definition":"Accidental "},{"code":"417564009","display":"Lây qua đường tình dục","definition":"Sexual Transmission"},{"code":"38628009","display":"Tình dục đồng giới","definition":"Homosexual (finding)"},{"code":"20430005","display":"Tình dục khác giới","definition":"Heterosexual (finding)"},{"code":"438998000","display":"Mẹ truyền sang con","definition":"Mother to Child Transmission"},{"code":"69910005","display":"Không rõ","definition":"Unidentified"}]}