{"resourceType":"CodeSystem","id":"cs-vn-regimenlevel","text":{"status":"generated","div":"<div xmlns=\"http://www.w3.org/1999/xhtml\"><p>This code system http://openhie.org/fhir/openhie.vn.case-reporting.hiv/CodeSystem/cs-vn-regimenlevel defines the following codes:</p><table class=\"codes\"><tr><td style=\"white-space:nowrap\"><b>Code</b></td><td><b>Display</b></td></tr><tr><td style=\"white-space:nowrap\">lvl1<a name=\"cs-vn-regimenlevel-lvl1\"> </a></td><td>Level 1</td></tr><tr><td style=\"white-space:nowrap\">lvl2<a name=\"cs-vn-regimenlevel-lvl2\"> </a></td><td>Level 2</td></tr><tr><td style=\"white-space:nowrap\">lvl3<a name=\"cs-vn-regimenlevel-lvl3\"> </a></td><td>Level 3</td></tr></table></div>"},"url":"http://openhie.org/fhir/openhie.vn.case-reporting.hiv/CodeSystem/cs-vn-regimenlevel","version":"0.1.0-test","name":"CSRegimenLevel","title":"CodeSystem Vietnam HIV Regimen Level ","status":"active","date":"2021-06-15T15:35:51+00:00","publisher":"OpenHIE","contact":[{"telecom":[{"system":"url","value":"http://ohie.org"}]}],"description":"CodeSystem - Vietnam HIV Regimen Level","jurisdiction":[{"coding":[{"system":"http://unstats.un.org/unsd/methods/m49/m49.htm","code":"001"}]}],"content":"complete","count":3,"concept":[{"code":"lvl1","display":"Level 1"},{"code":"lvl2","display":"Level 2"},{"code":"lvl3","display":"Level 3"}]}