{"resourceType":"ValueSet","id":"vs-regimen-change-reason","text":{"status":"generated","div":"<div xmlns=\"http://www.w3.org/1999/xhtml\"><ul><li>Include all codes defined in <a href=\"CodeSystem-cs-regimen-change-reason.html\"><code>http://openhie.org/fhir/openhie.vn.case-reporting.hiv/CodeSystem/cs-regimen-change-reason</code></a></li></ul></div>"},"url":"http://openhie.org/fhir/openhie.vn.case-reporting.hiv/ValueSet/vs-regimen-change-reason","version":"0.1.0-test","name":"RegimenChangeReason","title":"Reason for regimen change","status":"active","date":"2021-09-25T01:43:32+00:00","publisher":"OpenHIE","contact":[{"telecom":[{"system":"url","value":"http://ohie.org"}]}],"description":"Reason for regimen change","jurisdiction":[{"coding":[{"system":"http://unstats.un.org/unsd/methods/m49/m49.htm","code":"001"}]}],"compose":{"include":[{"system":"http://openhie.org/fhir/openhie.vn.case-reporting.hiv/CodeSystem/cs-regimen-change-reason"}]}}