{"resourceType":"ValueSet","id":"vs-type-of-contact","text":{"status":"generated","div":"<div xmlns=\"http://www.w3.org/1999/xhtml\"><ul><li>Include all codes defined in <a href=\"CodeSystem-type-of-contact.html\"><code>http://openhie.org/fhir/openhie.vn.case-reporting.hiv/CodeSystem/type-of-contact</code></a></li></ul></div>"},"url":"http://openhie.org/fhir/openhie.vn.case-reporting.hiv/ValueSet/vs-type-of-contact","version":"0.1.0-test","name":"TypeOfContact","title":"Type of contact or relationship","status":"active","date":"2021-06-24T08:45:21+00:00","publisher":"OpenHIE","contact":[{"telecom":[{"system":"url","value":"http://ohie.org"}]}],"description":"Type of contact or relationship","jurisdiction":[{"coding":[{"system":"http://unstats.un.org/unsd/methods/m49/m49.htm","code":"001"}]}],"compose":{"include":[{"system":"http://openhie.org/fhir/openhie.vn.case-reporting.hiv/CodeSystem/type-of-contact"}]}}