{"resourceType":"ValueSet","id":"vs-hiv-occupation","text":{"status":"generated","div":"<div xmlns=\"http://www.w3.org/1999/xhtml\"><p>This value set includes codes based on the following rules:</p><ul><li>Include these codes as defined in <a href=\"http://www.snomed.org/\"><code>http://snomed.info/sct</code></a><table class=\"none\"><tr><td style=\"white-space:nowrap\"><b>Code</b></td><td><b>Display</b></td><td><b>vi</b></td></tr><tr><td><a href=\"http://browser.ihtsdotools.org/?perspective=full&amp;conceptId1=310892005\">310892005</a></td><td>Army personnel</td><td>Cán bộ - chiến sỹ thuộc lực lượng vũ trang nhân dân</td></tr></table></li><li>Include these codes as defined in <a href=\"http://www.snomed.org/\"><code>http://snomed.info/sct</code></a><table class=\"none\"><tr><td style=\"white-space:nowrap\"><b>Code</b></td><td><b>Display</b></td><td><b>vi</b></td></tr><tr><td><a href=\"http://browser.ihtsdotools.org/?perspective=full&amp;conceptId1=413327003\">413327003</a></td><td>Student full time education</td><td>Học sinh-sinh viên</td></tr></table></li><li>Include these codes as defined in <a href=\"http://www.snomed.org/\"><code>http://snomed.info/sct</code></a><table class=\"none\"><tr><td style=\"white-space:nowrap\"><b>Code</b></td><td><b>Display</b></td><td><b>vi</b></td></tr><tr><td><a href=\"http://browser.ihtsdotools.org/?perspective=full&amp;conceptId1=73438004\">73438004</a></td><td>Out of work</td><td>Thất nghiệp</td></tr></table></li><li>Include these codes as defined in <a href=\"http://www.snomed.org/\"><code>http://snomed.info/sct</code></a><table class=\"none\"><tr><td style=\"white-space:nowrap\"><b>Code</b></td><td><b>Display</b></td><td><b>vi</b></td></tr><tr><td><a href=\"http://browser.ihtsdotools.org/?perspective=full&amp;conceptId1=106388008\">106388008</a></td><td>Farmer</td><td>Người làm nông nghiệp</td></tr></table></li><li>Include these codes as defined in <a href=\"http://www.snomed.org/\"><code>http://snomed.info/sct</code></a><table class=\"none\"><tr><td style=\"white-space:nowrap\"><b>Code</b></td><td><b>Display</b></td><td><b>vi</b></td></tr><tr><td><a href=\"http://browser.ihtsdotools.org/?perspective=full&amp;conceptId1=106538001\">106538001</a></td><td>Car driver</td><td>Lái xe</td></tr></table></li><li>Include these codes as defined in <a href=\"http://www.snomed.org/\"><code>http://snomed.info/sct</code></a><table class=\"none\"><tr><td style=\"white-space:nowrap\"><b>Code</b></td><td><b>Display</b></td><td><b>vi</b></td></tr><tr><td><a href=\"http://browser.ihtsdotools.org/?perspective=full&amp;conceptId1=106400003\">106400003</a></td><td>Fishermen</td><td>Ngư dân</td></tr></table></li><li>Include these codes as defined in <a href=\"http://www.snomed.org/\"><code>http://snomed.info/sct</code></a><table class=\"none\"><tr><td style=\"white-space:nowrap\"><b>Code</b></td><td><b>Display</b></td><td><b>vi</b></td></tr><tr><td><a href=\"http://browser.ihtsdotools.org/?perspective=full&amp;conceptId1=106541005\">106541005</a></td><td>Social worker general</td><td>Công nhân</td></tr></table></li><li>Include these codes as defined in <a href=\"http://www.snomed.org/\"><code>http://snomed.info/sct</code></a><table class=\"none\"><tr><td style=\"white-space:nowrap\"><b>Code</b></td><td><b>Display</b></td><td><b>vi</b></td></tr><tr><td><a href=\"http://browser.ihtsdotools.org/?perspective=full&amp;conceptId1=184119001\">184119001</a></td><td>Patient occupation unknown</td><td>Nghề khác</td></tr></table></li><li>Include these codes as defined in <a href=\"http://www.snomed.org/\"><code>http://snomed.info/sct</code></a><table class=\"none\"><tr><td style=\"white-space:nowrap\"><b>Code</b></td><td><b>Display</b></td><td><b>vi</b></td></tr><tr><td><a href=\"http://browser.ihtsdotools.org/?perspective=full&amp;conceptId1=449344001\">449344001</a></td><td>Sex worker</td><td>Nghề bán dâm</td></tr></table></li><li>Include these codes as defined in <a href=\"http://www.snomed.org/\"><code>http://snomed.info/sct</code></a><table class=\"none\"><tr><td style=\"white-space:nowrap\"><b>Code</b></td><td><b>Display</b></td><td><b>vi</b></td></tr><tr><td><a href=\"http://browser.ihtsdotools.org/?perspective=full&amp;conceptId1=159799000\">159799000</a></td><td>Female prostitute</td><td>Nữ bán dâm</td></tr></table></li><li>Include these codes as defined in <a href=\"http://www.snomed.org/\"><code>http://snomed.info/sct</code></a><table class=\"none\"><tr><td style=\"white-space:nowrap\"><b>Code</b></td><td><b>Display</b></td><td><b>vi</b></td></tr><tr><td><a href=\"http://browser.ihtsdotools.org/?perspective=full&amp;conceptId1=159800001\">159800001</a></td><td>Male prostitute</td><td>Nam bán dâm</td></tr></table></li></ul></div>"},"url":"http://openhie.org/fhir/openhie.vn.case-reporting.hiv/ValueSet/vs-hiv-occupation","version":"0.1.0-test","name":"HIVOccupationCodes","status":"draft","date":"2021-06-15T19:05:17+00:00","publisher":"OpenHIE","contact":[{"telecom":[{"system":"url","value":"http://ohie.org"}]}],"jurisdiction":[{"coding":[{"system":"http://unstats.un.org/unsd/methods/m49/m49.htm","code":"001"}]}],"compose":{"include":[{"system":"http://snomed.info/sct","concept":[{"code":"310892005","display":"Army personnel","designation":[{"language":"vi-VN","value":"Cán bộ - chiến sỹ thuộc lực lượng vũ trang nhân dân"}]}]},{"system":"http://snomed.info/sct","concept":[{"code":"413327003","display":"Student full time education","designation":[{"language":"vi-VN","value":"Học sinh-sinh viên"}]}]},{"system":"http://snomed.info/sct","concept":[{"code":"73438004","display":"Out of work","designation":[{"language":"vi-VN","value":"Thất nghiệp"}]}]},{"system":"http://snomed.info/sct","concept":[{"code":"106388008","display":"Farmer","designation":[{"language":"vi-VN","value":"Người làm nông nghiệp"}]}]},{"system":"http://snomed.info/sct","concept":[{"code":"106538001","display":"Car driver","designation":[{"language":"vi-VN","value":"Lái xe"}]}]},{"system":"http://snomed.info/sct","concept":[{"code":"106400003","display":"Fishermen","designation":[{"language":"vi-VN","value":"Ngư dân"}]}]},{"system":"http://snomed.info/sct","concept":[{"code":"106541005","display":"Social worker general","designation":[{"language":"vi-VN","value":"Công nhân"}]}]},{"system":"http://snomed.info/sct","concept":[{"code":"184119001","display":"Patient occupation unknown","designation":[{"language":"vi-VN","value":"Nghề khác"}]}]},{"system":"http://snomed.info/sct","concept":[{"code":"449344001","display":"Sex worker","designation":[{"language":"vi-VN","value":"Nghề bán dâm"}]}]},{"system":"http://snomed.info/sct","concept":[{"code":"159799000","display":"Female prostitute","designation":[{"language":"vi-VN","value":"Nữ bán dâm"}]}]},{"system":"http://snomed.info/sct","concept":[{"code":"159800001","display":"Male prostitute","designation":[{"language":"vi-VN","value":"Nam bán dâm"}]}]}]}}