{"resourceType":"ValueSet","id":"vs-viralload-group","text":{"status":"generated","div":"<div xmlns=\"http://www.w3.org/1999/xhtml\"><ul><li>Include all codes defined in <a href=\"CodeSystem-cs-viralload-group.html\"><code>http://openhie.org/fhir/openhie.vn.case-reporting.hiv/CodeSystem/cs-viralload-group</code></a></li></ul></div>"},"url":"http://openhie.org/fhir/openhie.vn.case-reporting.hiv/ValueSet/vs-viralload-group","version":"0.1.0-test","name":"VSViralLoadGroup","title":"Viral Load group","status":"active","date":"2021-06-30T04:48:23+00:00","publisher":"OpenHIE","contact":[{"telecom":[{"system":"url","value":"http://ohie.org"}]}],"description":"Valueset - Viral Load group","jurisdiction":[{"coding":[{"system":"http://unstats.un.org/unsd/methods/m49/m49.htm","code":"001"}]}],"compose":{"include":[{"system":"http://openhie.org/fhir/openhie.vn.case-reporting.hiv/CodeSystem/cs-viralload-group"}]}}