<?xml version="1.0" encoding="UTF-8"?><ValueSet xmlns="http://hl7.org/fhir"><id value="vs-vn-regimen"/><text><status value="generated"/><div xmlns="http://www.w3.org/1999/xhtml"><ul><li>Include all codes defined in <a href="CodeSystem-cs-vn-regimen.html"><code>http://openhie.org/fhir/openhie.vn.case-reporting.hiv/CodeSystem/cs-vn-regimen</code></a></li></ul></div></text><url value="http://openhie.org/fhir/openhie.vn.case-reporting.hiv/ValueSet/vs-vn-regimen"/><version value="0.1.0-test"/><name value="VSVietnamRegimen"/><title value="ValueSet Vietnam HIV Regimen"/><status value="active"/><date value="2021-06-28T06:43:08+00:00"/><publisher value="OpenHIE"/><contact><telecom><system value="url"/><value value="http://ohie.org"/></telecom></contact><description value="ValueSet - Vietnam HIV Regimen"/><jurisdiction><coding><system value="http://unstats.un.org/unsd/methods/m49/m49.htm"/><code value="001"/></coding></jurisdiction><compose><include><system value="http://openhie.org/fhir/openhie.vn.case-reporting.hiv/CodeSystem/cs-vn-regimen"/></include></compose></ValueSet>