{
  "resourceType": "CodeSystem",
  "id": "cs-viralload-chidinh",
  "text": {
    "status": "generated",
    "div": "<div xmlns=\"http://www.w3.org/1999/xhtml\"><p>This code system http://openhie.org/fhir/openhie.vn.case-reporting.hiv/CodeSystem/cs-viralload-chidinh defines the following codes:</p><table class=\"codes\"><tr><td style=\"white-space:nowrap\"><b>Code</b></td><td><b>Display</b></td><td><b>Definition</b></td></tr><tr><td style=\"white-space:nowrap\">1<a name=\"cs-viralload-chidinh-1\"> </a></td><td>tại thời điểm 6 tháng sau ARV</td><td>At 6 months after ARV</td></tr><tr><td style=\"white-space:nowrap\">2<a name=\"cs-viralload-chidinh-2\"> </a></td><td>tại thời điểm 12 tháng sau ARV</td><td>At 12 months months after ARV</td></tr><tr><td style=\"white-space:nowrap\">3<a name=\"cs-viralload-chidinh-3\"> </a></td><td>định kỳ 12 tháng</td><td>Every 12 </td></tr><tr><td style=\"white-space:nowrap\">4<a name=\"cs-viralload-chidinh-4\"> </a></td><td>nghi ngờ thất bại điều trị</td><td>Suspect treatment failure</td></tr><tr><td style=\"white-space:nowrap\">5<a name=\"cs-viralload-chidinh-5\"> </a></td><td>phụ nữ mang thai/cho con bú</td><td>pregnant / lactating women</td></tr></table></div>"
  },
  "url": "http://openhie.org/fhir/openhie.vn.case-reporting.hiv/CodeSystem/cs-viralload-chidinh",
  "version": "0.1.0-test",
  "name": "CSChiDinh",
  "title": "Chi dinh",
  "status": "active",
  "date": "2021-05-21T09:32:16+00:00",
  "publisher": "OpenHIE",
  "contact": [
    {
      "telecom": [
        {
          "system": "url",
          "value": "http://ohie.org"
        }
      ]
    }
  ],
  "description": "CodeSystem - Chi dinh",
  "jurisdiction": [
    {
      "coding": [
        {
          "system": "http://unstats.un.org/unsd/methods/m49/m49.htm",
          "code": "001"
        }
      ]
    }
  ],
  "content": "complete",
  "count": 5,
  "concept": [
    {
      "code": "1",
      "display": "tại thời điểm 6 tháng sau ARV",
      "definition": "At 6 months after ARV"
    },
    {
      "code": "2",
      "display": "tại thời điểm 12 tháng sau ARV",
      "definition": "At 12 months months after ARV"
    },
    {
      "code": "3",
      "display": "định kỳ 12 tháng",
      "definition": "Every 12 "
    },
    {
      "code": "4",
      "display": "nghi ngờ thất bại điều trị",
      "definition": "Suspect treatment failure"
    },
    {
      "code": "5",
      "display": "phụ nữ mang thai/cho con bú",
      "definition": "pregnant / lactating women"
    }
  ]
}