{
  "resourceType": "ValueSet",
  "id": "vs-viralload-result-other",
  "text": {
    "status": "generated",
    "div": "<div xmlns=\"http://www.w3.org/1999/xhtml\"><ul><li>Include all codes defined in <a href=\"CodeSystem-cs-viralload-result-other.html\"><code>http://openhie.org/fhir/openhie.vn.case-reporting.hiv/CodeSystem/cs-viralload-result-other</code></a></li></ul></div>"
  },
  "url": "http://openhie.org/fhir/openhie.vn.case-reporting.hiv/ValueSet/vs-viralload-result-other",
  "version": "0.1.0-test",
  "name": "VSViralLoadOther",
  "title": "ValueSet Viral Load Other Result",
  "status": "active",
  "date": "2022-03-08T06:55:36+00:00",
  "publisher": "OpenHIE",
  "contact": [
    {
      "telecom": [
        {
          "system": "url",
          "value": "http://ohie.org"
        }
      ]
    }
  ],
  "description": "Valueset - Viral Load Other Result",
  "jurisdiction": [
    {
      "coding": [
        {
          "system": "http://unstats.un.org/unsd/methods/m49/m49.htm",
          "code": "001"
        }
      ]
    }
  ],
  "compose": {
    "include": [
      {
        "system": "http://openhie.org/fhir/openhie.vn.case-reporting.hiv/CodeSystem/cs-viralload-result-other"
      }
    ]
  }
}