{
  "resourceType": "ValueSet",
  "id": "vs-vn-regimen",
  "text": {
    "status": "generated",
    "div": "<div xmlns=\"http://www.w3.org/1999/xhtml\"><ul><li>Include all codes defined in <a href=\"CodeSystem-cs-vn-regimen.html\"><code>http://openhie.org/fhir/openhie.vn.case-reporting.hiv/CodeSystem/cs-vn-regimen</code></a></li></ul></div>"
  },
  "url": "http://openhie.org/fhir/openhie.vn.case-reporting.hiv/ValueSet/vs-vn-regimen",
  "version": "0.1.0-test",
  "name": "VSVietnamRegimen",
  "title": "ValueSet Vietnam HIV Regimen",
  "status": "active",
  "date": "2022-02-25T20:11:49+00:00",
  "publisher": "OpenHIE",
  "contact": [
    {
      "telecom": [
        {
          "system": "url",
          "value": "http://ohie.org"
        }
      ]
    }
  ],
  "description": "ValueSet - Vietnam HIV Regimen",
  "jurisdiction": [
    {
      "coding": [
        {
          "system": "http://unstats.un.org/unsd/methods/m49/m49.htm",
          "code": "001"
        }
      ]
    }
  ],
  "compose": {
    "include": [
      {
        "system": "http://openhie.org/fhir/openhie.vn.case-reporting.hiv/CodeSystem/cs-vn-regimen"
      }
    ]
  }
}