{
  "resourceType": "ValueSet",
  "id": "vs-arv-treatment-status",
  "text": {
    "status": "generated",
    "div": "<div xmlns=\"http://www.w3.org/1999/xhtml\"><ul><li>Include all codes defined in <a href=\"CodeSystem-cs-arv-treatment-status.html\"><code>http://openhie.org/fhir/openhie.vn.case-reporting.hiv/CodeSystem/cs-arv-treatment-status</code></a></li></ul></div>"
  },
  "url": "http://openhie.org/fhir/openhie.vn.case-reporting.hiv/ValueSet/vs-arv-treatment-status",
  "version": "0.1.0-test",
  "name": "ARVTreatmentStatus",
  "title": "Arv treatment Status",
  "status": "active",
  "date": "2021-05-20T06:45:07+00:00",
  "publisher": "OpenHIE",
  "contact": [
    {
      "telecom": [
        {
          "system": "url",
          "value": "http://ohie.org"
        }
      ]
    }
  ],
  "description": "Valueset - ARV treatment Status",
  "jurisdiction": [
    {
      "coding": [
        {
          "system": "http://unstats.un.org/unsd/methods/m49/m49.htm",
          "code": "001"
        }
      ]
    }
  ],
  "compose": {
    "include": [
      {
        "system": "http://openhie.org/fhir/openhie.vn.case-reporting.hiv/CodeSystem/cs-arv-treatment-status"
      }
    ]
  }
}